output_row,input,source_column,gloss,plural_theme,singular_theme
8,g Érar,analysisPluralTheme,balance (tool),g Érar,g Érir
9,œá ∑smar,analysisPluralTheme,beardless chin,œá ∑smar,œá ∑smar
10,lƒßsab,analysisPluralTheme,calculation,lƒßsab,lƒßsab
11,ktatbi,analysisPluralTheme,activity of a public writer,ktatbi,ktatbi
42,skazzaj,analysisPluralTheme,screeching,skazzaj,skazzaj
45,guriw,analysisPluralTheme,oversize,guriw,guri
48,sksal,analysisPluralTheme,type of window,sksal,sksl
49,smkal,analysisPluralTheme,food container,smkal,smkl
50,m ï É Ér,analysisPluralTheme,"fellow, companion",m ï É Ér,m ï É Ér
51,g ídr,analysisPluralTheme,nonsense,g ídr,
52,ssnda,analysisPluralTheme,wooden shaker of a wineskin for churning milk (for butter),ssnda,ssndu
54,!frziz,analysisPluralTheme,gourd,!frziz,!frziz
55,a í ígal,analysisPluralTheme,kind of bag or satchel,a í ígal,a í ígal
56,k ∑ntar,analysisPluralTheme,goat,k ∑ntar,kntur
57,sbbab,analysisPluralTheme,person who helps with birth,sbbab,sbbab
59,! Ébar,analysisPluralTheme,promontory dominating a locality,! Ébar,! Ébar
60,ussif,analysisPluralTheme,splinter,ussif,ussif
61,uzlim,analysisPluralTheme,scissors,uzlim,uzlim
62,msijjs,analysisPluralTheme,tamer,msijjs,msijjs
63,! Ébura,analysisPluralTheme,a kind of plant,! Ébura,! Ébaru
64,ƒßbari,analysisPluralTheme,type of horse,ƒßbari,ƒßbari
65,ndura,analysisPluralTheme,someone who shares a meal,ndura,ndaru
67,sutam,analysisPluralTheme,niche,sutam,satm
69,!mazuz,analysisPluralTheme,grown late in the agricultural year,!mazuz,!mazuz
70,g ∑ilal,analysisPluralTheme,kind of horse with long mane (foal),g ∑ilal,g ∑ilal
71,k ∑ndrras,analysisPluralTheme,"giblets, salted and dried",k ∑ndrras,k ∑ndrris
73,stara,analysisPluralTheme,"chords (music), musical preamble",stara,stara
74,nrbay,analysisPluralTheme,given birth,nrbay,nrbi
76,msa Å,analysisPluralTheme,buyer,msa Å,msa Å
79,skkir,analysisPluralTheme,"act, attitude",skkir,skkir
80,!m ï Éur,analysisPluralTheme,actor carnival,!m ï Éur,!m ï Éur
83,ukkim,analysisPluralTheme,beating,ukkim,ukkim
85,arrag,analysisPluralTheme,act of breaking,arrag,arrag
86,baks,analysisPluralTheme,act of girding,baks,biks
87,addal,analysisPluralTheme,"act of covering, shawl",addal,addal
98,draw,analysisPluralTheme,act of eating in community,draw,draw
100,smal,analysisPluralTheme,act of showing,smal,smal
101,!zid,analysisPluralTheme,"act of grinding, ground grain",!zid,!zid
102, Étibbi É,analysisPluralTheme,act of wading, Étibbi É, Étibb É
107,mmussut,analysisPluralTheme,act of stirring,mmussut,mmussu
108,skubbr,analysisPluralTheme,act of squatting,skubbr,skubbr
114, ígugal,analysisPluralTheme,act of suspending ..., ígugal, ígugl
115,!suda,analysisPluralTheme,"action of blowing (pejorative), anus (by metonymy)",!suda,!sud
116,sram,analysisPluralTheme,act of sharpening,sram,sram
125,mœáznaj,analysisPluralTheme,enforcement officer (mokhazni),mœáznaj,mœázni
126,lqqa ï,analysisPluralTheme,lamb,lqqa ï,lqqa ï
127, ïwin,analysisPluralTheme,aid, ïwin, ïwin
129,gidar,analysisPluralTheme,"eagle, hawk",gidar,gidr
132,ssgna(j),analysisPluralTheme,needle,ssgna(j),ssgni
136,suqqas,analysisPluralTheme,sting,suqqas,saqq ∑s
138,farr(a),analysisPluralTheme,wing,farr(a),fr
139,fraw,analysisPluralTheme,"leaf, wing",fraw,fr
140,nrar,analysisPluralTheme,area,nrar,nrar
141,luqqid,analysisPluralTheme,match,luqqid,luqqid
142,!l ïjad,analysisPluralTheme,lark,!l ïjad,!l ïjud
143,illwaz,analysisPluralTheme,almond,illwaz,alluz
144,ƒßbib,analysisPluralTheme,lover,ƒßbib,ƒßbib
145,hwawi,analysisPluralTheme,lover of music and singing,hwawi,hwawi
147,mddakkal,analysisPluralTheme,friend,mddakkal,mddakk ∑l
151,lbbi Å,analysisPluralTheme,bulb (skin irritant),lbbi Å,lbbi Å
153,rggim,analysisPluralTheme,"curse, insult",rggim,rggim
154,qdim,analysisPluralTheme,old,qdim,qdim
155, Å ∑jjal,analysisPluralTheme,donkey, Å ∑jjal, Åjjul
156,!az Åiw,analysisPluralTheme,angina,!az Åiw,!az Åa
157,œálœáal,analysisPluralTheme,ring,œálœáal,œálœáal
158,sgg ∑as,analysisPluralTheme,year,sgg ∑as,sgg ∑as
161,mgrad,analysisPluralTheme,"tamed, domesticated",mgrad,mgrud
164,a ïrab,analysisPluralTheme,Arabic,a ïrab,a ïrab
166,qarid,analysisPluralTheme,money,qarid,qarid
170,snas,analysisPluralTheme,non-adult donkey,snas,snus
172,m É Érk,analysisPluralTheme,partner,m É Érk,m É Érk
173, Érik,analysisPluralTheme,partner, Érik, Érik
174,nkraf,analysisPluralTheme,"attached, hampered",nkraf,nkruf
175,!nbbursa,analysisPluralTheme,person suffering from depigmentation of the skin (vitiligo),!nbbursa,!nbbarsu
176,ziwal,analysisPluralTheme,person suffering from strabismus,ziwal,ziwal
177,sdas,analysisPluralTheme,trough,sdas,sds
178,!lfttr,analysisPluralTheme,alms given at Eid al-Fitr (Festival of sweets),!lfttr,!lfttr
179,! É Éuƒßar,analysisPluralTheme,miser,! É Éuƒßar,! É Éaƒßur
180,!bukad,analysisPluralTheme,blind person,!bukad,!bukad
183,duk(a),analysisPluralTheme,slipper,duk(a),duku
184,arras,analysisPluralTheme,broom,arras,arras
185,alaj,analysisPluralTheme,broom,alaj,alaj
186, ígugal,analysisPluralTheme,"swing, hammock, cradle", ígugal, ígugl
188,kur,analysisPluralTheme,ball,kur,kur
189,ukris,analysisPluralTheme,bundle,ukris,ukris
191,grw(a),analysisPluralTheme,tub,grw(a),gra
192,imariw,analysisPluralTheme,beard,imariw,amar
193,! Énad,analysisPluralTheme,hinny,! Énad,! Énid
194,!brhu É,analysisPluralTheme,motley,!brhu É,!brhu É
195,!krkad,analysisPluralTheme,motley,!krkad,!krkad
196, Årruba,analysisPluralTheme,small boat, Årruba, Årrabu
197,!burka,analysisPluralTheme,barque,!burka,!barku
199,!barrat,analysisPluralTheme,tail (piece of clothing),!barrat,!barra
200,!bannat,analysisPluralTheme,tail (piece of clothing),!bannat,!banna
201,frwal,analysisPluralTheme,tails (piece of clothing),frwal,frwal
202,ƒßlajs,analysisPluralTheme,pack,ƒßlajs,ƒßlajs
203,ƒßƒßram,analysisPluralTheme,"bastard, scoundrel ...",ƒßƒßram,ƒßƒßram
204,kuraj,analysisPluralTheme,stick,kuraj,kuraj
205,!œá ∑bbat,analysisPluralTheme,bat,!œá ∑bbat,!œá ∑bbat
206,suff,analysisPluralTheme,"balloon, cavity formed by an intestine",suff,suff
207,b í íaq,analysisPluralTheme,"talkative, snob",b í íaq,b í íaq
208,lddaj,analysisPluralTheme,slime,lddaj,lddaj
209,mrmur,analysisPluralTheme,slime,mrmur,mrmur
210,falkaj,analysisPluralTheme,beautiful,falkaj,falkaj
211,rbib,analysisPluralTheme,"son-in-law, daughter-in-law",rbib,rbib
213, Å ∑nzar,analysisPluralTheme,beak, Å ∑nzar, Ånzur
214,!frjad,analysisPluralTheme,"harelip, cleft lip",!frjad,!frjad
215,qaddim,analysisPluralTheme,spade,qaddim,qaddim
216,!grwaz,analysisPluralTheme,person who lisps,!grwaz,!grwaz
217,tmtam,analysisPluralTheme,stutterer,tmtam,tmtam
218,tftaf,analysisPluralTheme,undecided,tftaf,tftaf
219,zammar,analysisPluralTheme,ram,zammar,zimmr
220,ƒßuli,analysisPluralTheme,ram,ƒßuli,ƒßuli
221,mrdij,analysisPluralTheme,blessed,mrdij,mrdi
222,mbarkij,analysisPluralTheme,blessed,mbarkij,mbarki
225,mksaw,analysisPluralTheme,shepherd,mksaw,mksa
226,bidan,analysisPluralTheme,can,bidan,bidun
227,bzga,analysisPluralTheme,jewel,bzga,bzg
228,sgdal,analysisPluralTheme,chopping block,sgdal,sgdl
229,umlil,analysisPluralTheme,white,umlil,umlil
231,ird,analysisPluralTheme,wheat,ird,ird
233,mugas,analysisPluralTheme,injured,mugas,magus
234,iggas,analysisPluralTheme,injury,iggas,iggs
235,aggas,analysisPluralTheme,injury,aggas,aggas
236,mraz,analysisPluralTheme,head injury,mraz,mraz
237, Éhbun,analysisPluralTheme,blond, Éhbun, Éhbun
238,zgra,analysisPluralTheme,beef,zgra,zgr
239,funas,analysisPluralTheme,beef,funas,funas
240,ssr Åut,analysisPluralTheme,firewood,ssr Åut,ssr Åu
242,!bidar,analysisPluralTheme,lame,!bidar,!bidar
244,ariw,analysisPluralTheme,edge,ariw,ir
245,mknuna,analysisPluralTheme,hunchback,mknuna,mknanu
246,nk ∑r(a),analysisPluralTheme,goat,nk ∑r(a),nkkur
247,krwa,analysisPluralTheme,goat,krwa,kru
248,!a Åad,analysisPluralTheme,goat,!a Åad,!a Åad
249,bukir,analysisPluralTheme,goat,bukir,bukir
250,imaw,analysisPluralTheme,mouth,imaw,imi
251,gzzar,analysisPluralTheme,butcher,gzzar,gzzar
252,suqqan,analysisPluralTheme,plug,suqqan,saqqun
254,!blza,analysisPluralTheme,mud,!blza,!bluz
255,alla Å,analysisPluralTheme,mud,alla Å,alla Å
256,flufut,analysisPluralTheme,"bubbling, foaming",flufut,flufu
257,i ïbbad,analysisPluralTheme,pellet,i ïbbad, ïbbud
258,!bggar,analysisPluralTheme,"herdsman, cowherd",!bggar,!bggar
259,mugaj,analysisPluralTheme,cattle,mugaj,mugaj
260,!sƒßurrut,analysisPluralTheme,braying,!sƒßurrut,!sƒßurru
261,!sskkid,analysisPluralTheme,branch (of a tree),!sskkid,!sskkid
262,i Åal,analysisPluralTheme,"arm, bent",i Åal,i Åil
263,lgumma,analysisPluralTheme,flange,lgumma,lgammu
264,!qtta ï,analysisPluralTheme,"brigand, bandit",!qtta ï,!qtta ï
266,!mƒßrag,analysisPluralTheme,burnt,!mƒßrag,!mƒßrug
267,ƒßrrig,analysisPluralTheme,"burning, sharp pain",ƒßrrig,ƒßrrig
268, Éddir,analysisPluralTheme,"bush, thicket", Éddir, Éddir
269,slƒßam,analysisPluralTheme,burnous,slƒßam,slƒßam
270,œánifa,analysisPluralTheme,burnous,œánifa,œánif
271,œáidas,analysisPluralTheme,burnous,œáidas,œáidus
273,g ídmmar,analysisPluralTheme,parched cactus,g ídmmar,g ídmmur
274,!bbandriw,analysisPluralTheme,cockroach,!bbandriw,!bbindr
275,lk ∑nna É,analysisPluralTheme,notebook,lk ∑nna É,lk ∑nna É
276,!ƒßttid,analysisPluralTheme,clot,!ƒßttid,!ƒßttid
277,ƒßzzar,analysisPluralTheme,cajolery,ƒßzzar,ƒßzzar
278,ƒßsasbi,analysisPluralTheme,"calculating, scheming person",ƒßsasbi,ƒßsasbi
279, ïkkaz,analysisPluralTheme,cane, ïkkaz, ïkkaz
280,q ∑lm(a),analysisPluralTheme,cap,q ∑lm(a),qlmun
282,qllal,analysisPluralTheme,"carafe, head (pejorative).",qllal,qllal
283,!m Éd,analysisPluralTheme,card,!m Éd,!m Éd
284,qr Éal,analysisPluralTheme,card,qr Éal,qr Éal
285,!kadiw,analysisPluralTheme,carob tree,!kadiw,!kid
286,uzuna,analysisPluralTheme,square of cultivated land,uzuna,uzun
287, í ílli í,analysisPluralTheme,tile, í ílli í, í ílli í
288,muzzar,analysisPluralTheme,cascade,muzzar,mazzr
289,mrrag,analysisPluralTheme,"breaker (e.g., stone breaker)",mrrag,mrrag
290,msnaj,analysisPluralTheme,horse rider,msnaj,msnaj
291,mnaj,analysisPluralTheme,horse rider,mnaj,mnaj
292,!mkrad,analysisPluralTheme,what or who is scratched,!mkrad,mkrud
294,bakks,analysisPluralTheme,belt,bakks,bikks
295,uggas,analysisPluralTheme,belt,uggas,agg ∑s
296, ïzraj,analysisPluralTheme,single, ïzraj, ïzri
297,b É Éar,analysisPluralTheme,one who announces ...,b É Éar,b É Éar
298,msgillit,analysisPluralTheme,one who swears,msgillit,msgilli
299,mgillit,analysisPluralTheme,one who swears,mgillit,mgilli
300,mrg ∑al,analysisPluralTheme,one that locks,mrg ∑al,mrgul
302,u É Éan,analysisPluralTheme,jackal,u É Éan,u É Én
303,mlƒßaf,analysisPluralTheme,shawl,mlƒßaf,mlƒßaf
305,ƒßuna,analysisPluralTheme,room,ƒßuna,ƒßanu
306,!r ïm(a),analysisPluralTheme,camel,!r ïm(a),!r ïm
307,rffak,analysisPluralTheme,chamel driver,rffak,rffak
308,igra,analysisPluralTheme,field,igra,igr
309,g ∑rsal,analysisPluralTheme,mushroom,g ∑rsal,g ∑rsl
310,urar,analysisPluralTheme,"singing, song",urar,urar
311,murag,analysisPluralTheme,"singing, poetry",murag,marg
312,marir,analysisPluralTheme,singer,marir,marir
313,mt Éa,analysisPluralTheme,weevil,mt Éa,mt Éi
315,awggat,analysisPluralTheme,"load, burden (like carrying wood)",awggat,awgga
317,skraz,analysisPluralTheme,plow,skraz,skrz
318,wwulla,analysisPluralTheme,plow,wwulla,wwullu
321,ng ∑mar,analysisPluralTheme,hunter,ng ∑mar,ng ∑mar
322,!sjjad,analysisPluralTheme,"hunter, fisherman",!sjjad,!sjjad
323,!ma É Éiw,analysisPluralTheme,cat,!ma É Éiw,!mu É É
324,msruj/aj,analysisPluralTheme,"skin abrasion, like a skinned knee",msruj/aj,msruj
325, Åaras,analysisPluralTheme,path, Åaras, Åaras
326,g ∑mar,analysisPluralTheme,horse (intended for breeding),g ∑mar,g ∑mar
327,isa,analysisPluralTheme,horse,isa,ajjis
328,!kitar,analysisPluralTheme,horse,!kitar,!kitar
330, Å íd,analysisPluralTheme,kid (small goat), Å íd, Å íd
331,b ígi,analysisPluralTheme,"chichi, fuss",b ígi,b ígi
332,ijda,analysisPluralTheme,dog,ijda,ajdi
333,kzin,analysisPluralTheme,dog,kzin,kzin
334,!uskaj,analysisPluralTheme,dog,!uskaj,!uskaj
335,! Érwid,analysisPluralTheme,cloth,! Érwid,! Érwid
336,blbbaz,analysisPluralTheme,puppy,blbbaz,blbbuz
337, Élƒßij,analysisPluralTheme,speaker of Tashlhiyt, Élƒßij, Élƒßi
338, Åawsiw,analysisPluralTheme,thing, Åawsiw, Åawsa
339,!rumi(j),analysisPluralTheme,Christian,!rumi(j),!rumi
342,gnwa,analysisPluralTheme,sky,gnwa,gnna
343,bllar í,analysisPluralTheme,stork,bllar í,bllar í
344,afat,analysisPluralTheme,"top (of tree, mountain)",afat,afa
345,!smdal,analysisPluralTheme,cemetery,!smdal,!smdl
346,œá ∑masi(j),analysisPluralTheme,fifth,œá ∑masi(j),œá ∑masi
347,ƒß í íam,analysisPluralTheme,"circumciser, hairdresser",ƒß í íam,ƒß í íam
348,aœásaj,analysisPluralTheme,pumpkin,aœásaj,aœásaj
349,!msmar,analysisPluralTheme,nail,!msmar,!msmar
350,ulaw,analysisPluralTheme,heart,ulaw,ul
352, Å ∑mr(a),analysisPluralTheme,corner, Å ∑mr(a), Å ∑mmir
353,uqqut,analysisPluralTheme,coitus,uqqut,uqqu
354,uqqa,analysisPluralTheme,coitus,uqqa,
356,mqllq,analysisPluralTheme,someone who is choleric or anxious,mqllq,mqllq
358,zlag,analysisPluralTheme,braided wire necklace,zlag,zlag
359,ldij,analysisPluralTheme,plow draw collar,ldij,ldi
360,alat,analysisPluralTheme,hill,alat,ala
361,awrir,analysisPluralTheme,hill,awrir,awrir
362,malliw,analysisPluralTheme,dove,malliw,milla
363, Éuma É,analysisPluralTheme,column, Éuma É, Éamu É
364,dœá ∑sa,analysisPluralTheme,colostrum,dœá ∑sa,dœá ∑s
366,mawal,analysisPluralTheme,"commentary, dictionary",mawal,mawal
367,smmun,analysisPluralTheme,companion,smmun,smmun
368,smun,analysisPluralTheme,companion,smun,smun
370,lƒßsabat,analysisPluralTheme,"account, calculation",lƒßsabat,lƒßsab
371,mglaj,analysisPluralTheme,conductor of beasts,mglaj,mglaj
373,baraz,analysisPluralTheme,showdown,baraz,baraz
374,si Åa Å,analysisPluralTheme,conger (fish),si Åa Å,si Åa Å
377,!m Éiwir,analysisPluralTheme,"consultation, negotiation",!m Éiwir,!m Éiwr
378,uraw,analysisPluralTheme,contents of two clasped hands,uraw,uraw
379,slajmi,analysisPluralTheme,converted to Islam,slajmi,slajmi
380,mdraw,analysisPluralTheme,guest,mdraw,mdraw
381,sram,analysisPluralTheme,shavings,sram,sram
382,fullus,analysisPluralTheme,chicken / rooster,fullus,fullus
383,gajwar,analysisPluralTheme,raven,gajwar,gajwar
384,zakar,analysisPluralTheme,rope,zakar,zikr
385,dinan,analysisPluralTheme,chord (music),dinan,dinan
386,!g ∑ttas,analysisPluralTheme,thick rope,!g ∑ttas,!gttus
387,askiw,analysisPluralTheme,horn,askiw,isk
388, Åzdis,analysisPluralTheme,rib, Åzdis, Åzdis
389,siwan,analysisPluralTheme,coast,siwan,sawn
390,!mggrad,analysisPluralTheme,"neck, neck",!mggrad,!mggrd
392, Åg ∑mma,analysisPluralTheme,corridor, Åg ∑mma, Åg ∑mmi
393,dasil,analysisPluralTheme,kick,dasil,dasil
394,abbaj,analysisPluralTheme,cut,abbaj,abbaj
395,sarag,analysisPluralTheme,"courtyard, patio",sarag,sarag
398,gzzujla,analysisPluralTheme,"person who is short, small",gzzujla,gzzajlu
399,dllal,analysisPluralTheme,broker,dllal,dllal
400,!smsar,analysisPluralTheme,broker,!smsar,!smsar
401,sksut,analysisPluralTheme,couscoussier,sksut,sksu
402,ajjaw,analysisPluralTheme,"Grandson or granddaughter (by extension cousin, nephew)",ajjaw,ajjaw
404,sdal,analysisPluralTheme,lid,sdal,sdl
405,srg ∑al,analysisPluralTheme,lid,srg ∑al,srgul
406,!frsad,analysisPluralTheme,blanket,!frsad,!frsad
407, ïban,analysisPluralTheme,blanket, ïban, ïban
408,fugga,analysisPluralTheme,blanket,fugga,faggu
411,qa É Éat,analysisPluralTheme,crest,qa É Éat,qa É Éa
414,!butztaz,analysisPluralTheme,one who cries disagreeably,!butztaz,!butztaz
416,brraƒß,analysisPluralTheme,"town crier, Bellman",brraƒß,brraƒß
417,!nzad,analysisPluralTheme,horsehair,!nzad,!nzad
418,ftas,analysisPluralTheme,creek,ftas,ftas
419,ugla,analysisPluralTheme,fang,ugla,agl
420,k ∑lb(a),analysisPluralTheme,wooden hook,k ∑lb(a),k ∑lib
422,mumn,analysisPluralTheme,believer,mumn,mumn
423,buqqal,analysisPluralTheme,"pitcher, jug",buqqal,buqqal
424,qnq ∑am,analysisPluralTheme,bronze jug,qnq ∑am,qnqum
425,nwal,analysisPluralTheme,kitchen,nwal,nwal
428,anas,analysisPluralTheme,copper (copper vessel),anas,anas
429,xnwa,analysisPluralTheme,"ass, rump",xnwa,œá ∑na
430,!sud(a),analysisPluralTheme,"ass, rump",!sud(a),!sud
431,gnunnaj,analysisPluralTheme,somersault,gnunnaj,gnunni
432,fllaƒß,analysisPluralTheme,cultivator,fllaƒß,fllaƒß
434,! índid,analysisPluralTheme,stinger,! índid,! índid
435,! ín íid,analysisPluralTheme,stinger,! ín íid,! ín íid
436,sbbuqqas,analysisPluralTheme,stinger (insect),sbbuqqas,sbbaqqs
437,ngg ∑a,analysisPluralTheme,of same age masc.,ngg ∑a,nggu
438,nfsad,analysisPluralTheme,debauched person,nfsad,nfsad
439, Érrig,analysisPluralTheme,tear, Érrig, Érrig
440,œáarra,analysisPluralTheme,tears,œáarra,
443,mklaw,analysisPluralTheme,breakfast,mklaw,mkli
444,nwwa É,analysisPluralTheme,informer,nwwa É,nwwa É
445,rwwaj,analysisPluralTheme,padding,rwwaj,rwwaj
446,b íwaj,analysisPluralTheme,delirium,b íwaj,b íwaj
450,uœása,analysisPluralTheme,tooth,uœása,aœá ∑s
455,!bdan,analysisPluralTheme,skin of animal,!bdan,!bdan
456,!g ∑ ídad,analysisPluralTheme,"animal without tail, can be used figuratively to humans",!g ∑ ídad,!g ∑ ídad
457,nukaf,analysisPluralTheme,uprooted plant or herb,nukaf,nakuf
459,mggura,analysisPluralTheme,last,mggura,mggaru
461,k ∑la,analysisPluralTheme,"drawings, illuminated manuscripts",k ∑la,
462,mnid,analysisPluralTheme,before (lit. what is seen),mnid,mnid
465,uggug,analysisPluralTheme,dam,uggug,uggug
467,mnsaw,analysisPluralTheme,dinner,mnsaw,mnsi
468,unna,analysisPluralTheme,"statements, rumors",unna,
472, ílluba,analysisPluralTheme,jilbab, ílluba, íllabi
473,!dud(a),analysisPluralTheme,finger,!dud(a),!dad
475,! Årad,analysisPluralTheme,back,! Årad,! Årud
485,mslaœá,analysisPluralTheme,flayed,mslaœá,msluœá
486,sraj,analysisPluralTheme,scratch,sraj,sraj
489,sƒßssu,analysisPluralTheme,listening,sƒßssu,sƒßssu
492,arrat,analysisPluralTheme,written,arrat,arra
493,!brbur,analysisPluralTheme,scum,!brbur,!brbur
494,luffa,analysisPluralTheme,"froth, foam",luffa,luffi
495,!anzid,analysisPluralTheme,squirrel,!anzid,!anzid
496,frma É,analysisPluralTheme,toothless (person),frma É,frma É
501,brraj,analysisPluralTheme,scratch,brraj,brraj
503,!mƒßdar,analysisPluralTheme,student,!mƒßdar,!mƒßdar
504,kssab,analysisPluralTheme,farmer,kssab,kssab
511,!zbbar,analysisPluralTheme,pruner,!zbbar,!zbbar
512,lkkuwsa,analysisPluralTheme,"lopper, pruner",lkkuwsa,lkkawsu
514,ardaz,analysisPluralTheme,span,ardaz,ardaz
515,rqqas,analysisPluralTheme,emissary,rqqas,rqqas
516,!nuzam,analysisPluralTheme,"age of fasting, pubescent",!nuzam,!nazum
517,almbœáœár,analysisPluralTheme,censer,almbœáœár,almbœáœár
518,g ∑rar,analysisPluralTheme,enclosure,g ∑rar,grur
519,frga,analysisPluralTheme,"enclosure, fence, fencing",frga,frag
520,frga,analysisPluralTheme,"paddock fence, hedge",frga,frig
522,rbat,analysisPluralTheme,child,rbat,rbi
523,azzan,analysisPluralTheme,child,azzan,azzan
524,g ∑sas,analysisPluralTheme,hell,g ∑sas,gsus
530,nnur Éif,analysisPluralTheme,"bored, restless person, someone with breathing difficulty",nnur Éif,nnur Éif
533,fggig,analysisPluralTheme,beam (for a loom),fggig,fggig
534,nifif,analysisPluralTheme,funnel,nifif,nifif
535,mlhuf,analysisPluralTheme,greedy,mlhuf,mlhuf
539,!tmma ï,analysisPluralTheme,envious,!tmma ï,!tmma ï
541,!udnaj,analysisPluralTheme,"thick, fat (person or animal)",!udnaj,!udnaj
542,zuraj,analysisPluralTheme,"thick, heavy (person or thing)",zuraj,zuraj
544,i Åar,analysisPluralTheme,shoulder,i Åar,i Åir
545,zlf,analysisPluralTheme,tassel (like for corn),zlf,zlf
546,zlaf,analysisPluralTheme,bowl,zlaf,zlaf
547,! ïttar,analysisPluralTheme,"grocer, herbalist, spice seller, among other things",! ïttar,! ïttar
548,snnan,analysisPluralTheme,spine,snnan,snnan
550,!krrad,analysisPluralTheme,peel,!krrad,!krrad
551,zmaz,analysisPluralTheme,"time, mood",zmaz,zmz
553,!largug,analysisPluralTheme,"erg, broad flat area of desert",!largug,!rrgg
554,mallaj,analysisPluralTheme,wandering,mallaj,
555, Å ∑lil,analysisPluralTheme,snail, Å ∑lil, Å ∑lil
556,smga,analysisPluralTheme,slave,smga,smg
557, Å ∑ndaf,analysisPluralTheme,"swindler, hustler", Å ∑ndaf, Å ∑ndaf
558,busskka,analysisPluralTheme,snake species (similar to cobra),busskka,busskka
560,isit,analysisPluralTheme,platform,isit,isi
561,!n ïdab,analysisPluralTheme,crippled (person or animal),!n ïdab,!n ïdub
563,mdw(a),analysisPluralTheme,pond,mdw(a),mda
570,!mrruj,analysisPluralTheme,spark,!mrruj,!mrruj
571,!braj É,analysisPluralTheme,woolen cloth,!braj É,!braj É
572,itra(t),analysisPluralTheme,star,itra(t),itri
574, Åufi,analysisPluralTheme,suffocation, Åufi, Åufi
576,mzwag,analysisPluralTheme,exile,mzwag,mzwug
578,m ïgaz,analysisPluralTheme,lazy (person),m ïgaz,m ïgaz
582,mslaw,analysisPluralTheme,withered,mslaw,mslaw
583,z ïajti(j),analysisPluralTheme,braggart,z ïajti(j),z ïajti
589,nmgar,analysisPluralTheme,reaper (agriculture),nmgar,nmgar
590,mgra,analysisPluralTheme,sickle,mgra,mgr
591,smmiwad,analysisPluralTheme,sickle,smmiwad,smmawd
592,nflak,analysisPluralTheme,felucca,nflak,nfluk
593,m Åar,analysisPluralTheme,woman,m Åar,m Åar
596,stt Åa,analysisPluralTheme,"crack, crack",stt Åa,stti Å
602,fraw,analysisPluralTheme,sheet,fraw,fraw
604,baw,analysisPluralTheme,bean,baw,baw
605,sla(t),analysisPluralTheme,fianc√©,sla(t),sli
606,!zrzaj,analysisPluralTheme,fibula,!zrzaj,!zrzi
607,œáœáa,analysisPluralTheme,excrement (typically for humans and carnival animals),œáœáa,
608,qurra,analysisPluralTheme,fig,qurra,qurri
609,kk ∑rmis,analysisPluralTheme,green fig,kk ∑rmis,kk ∑rmis
611,azar,analysisPluralTheme,fig tree,azar,azar
612,knarij,analysisPluralTheme,"prickly pear, cactus fruit",knarij,knari
613,fala(t),analysisPluralTheme,thread,fala(t),fili
615,illm,analysisPluralTheme,spinners,illm,
616,staj,analysisPluralTheme,"filter, strainer",staj,staj
619, í íig,analysisPluralTheme,flower, í íig, í íig
620,isaf,analysisPluralTheme,river,isaf,asif
621,sdasi,analysisPluralTheme,flute with six holes,sdasi,sdasi
622,asw,analysisPluralTheme,liver,asw,asa
625,ilam,analysisPluralTheme,straw,ilam,alim
627,agan,analysisPluralTheme,forest,agan,agan
628,!unad,analysisPluralTheme,forge,!unad,!anud
629,mzil,analysisPluralTheme,black-smith,mzil,mzil
630,!g ∑dja,analysisPluralTheme,ditch,!g ∑dja,!g ∑di
631,mœálaw,analysisPluralTheme,crazy,mœálaw,mœálaw
632,nafal,analysisPluralTheme,crazy,nafal,nafal
633,zfl(a),analysisPluralTheme,whip,zfl(a),zfl
634,frran,analysisPluralTheme,oven,frran,frran
635,furna,analysisPluralTheme,oven,furna,farnu
636,izar,analysisPluralTheme,fork,izar,azr
637, Åura É,analysisPluralTheme,fork, Åura É, Åru É
638, Éiwa É,analysisPluralTheme,"fork, slingshot, branching part of a tree, farmer tool for straw with two pins", Éiwa É, Éaw É
639,biwa É,analysisPluralTheme,fork,biwa É,baw É
640,!udf(a),analysisPluralTheme,ant,!udf(a),!udfi
643,mrza,analysisPluralTheme,broken,mrza,mrzu
645,wnziw,analysisPluralTheme,fringe,wnziw,wnza
646,!zag ∑,analysisPluralTheme,fringe,!zag ∑,!zag
647,gumrra,analysisPluralTheme,hornet,gumrra,gamrru
649,smda,analysisPluralTheme,cold,smda,smmid
650,ildja,analysisPluralTheme,sling,ildja,ildi
651,ignziw,analysisPluralTheme,front,ignziw,ignzi
653,ƒßukkut,analysisPluralTheme,friction or rubbing,ƒßukkut,ƒßukku
654,bl Åa É,analysisPluralTheme,green fruit of the carob,bl Åa É,bl Åu É
656,kmmaj,analysisPluralTheme,smoker,kmmaj,kmmaj
657,mkajfi(j),analysisPluralTheme,smoker of kif,mkajfi(j),mkajfi
658,sbajsi(j),analysisPluralTheme,pipe smoker (kif),sbajsi(j),sbajsi
659,mzra,analysisPluralTheme,manure,mzra,mazir
660,!izdja,analysisPluralTheme,spindle,!izdja,!izdi
661,!m Éttr,analysisPluralTheme,smart,!m Éttr,!m Éttr
662,mrwal,analysisPluralTheme,fugitive,mrwal,mrwl
663,skarkaz,analysisPluralTheme,gaffe,skarkaz,skarkaz
664,mssggar,analysisPluralTheme,pledge,mssggar,mssggar
665,!g ∑ris,analysisPluralTheme,pancake,!g ∑ris,!g ∑ris
666,u Årif,analysisPluralTheme,galette,u Årif,u Årif
667,wlal,analysisPluralTheme,ganglion,wlal,wlal
668,frœá(a),analysisPluralTheme,boy/girl,frœá(a),fruœá
669, ïjjal,analysisPluralTheme,boy, ïjjal, ïjjal
671, ïssas,analysisPluralTheme,guardian, ïssas, ïssas
672,ndaf,analysisPluralTheme,guardian,ndaf,ndaf
674,mazzal,analysisPluralTheme,"keeper, broker",mazzal,mazzal
675,!zwaj,analysisPluralTheme,"shaking down (e.g., separating grain from straw)",!zwaj,!zwaj
676,!mzwaj,analysisPluralTheme,"person who separates grain from straw; tree shaker for fruit (e.g., olives)",!mzwaj,!mzwaj
677,!znk ∑ad,analysisPluralTheme,gazelle,!znk ∑ad,!znk ∑d
679,dula,analysisPluralTheme,"in-law relation (e.g., son-in-law, mother-in-law)",dula,dgg ∑al
681,fadd,analysisPluralTheme,knee,fadd,fud
682,mada Å,analysisPluralTheme,"pile of sheaves of wheat after harvest (or other grain, e.g., corn)",mada Å,mada Å
683,ffursal,analysisPluralTheme,"chapped skin on humans, due to cold",ffursal,ffursl
684,hukar,analysisPluralTheme,gizzard,hukar,hakur
685,!dmmil,analysisPluralTheme,slap,!dmmil,!dmmil
686,mrriq,analysisPluralTheme,slap,mrriq,mrriq
687,!tbbil,analysisPluralTheme,slap,!tbbil,!tbbil
688,k ∑batn,analysisPluralTheme,lap (waist to knees),k ∑batn,k ∑ba
690,mgra,analysisPluralTheme,gleaner,mgra,mgru
691,mgr(a),analysisPluralTheme,gleaner,mgr(a),mgri
692,l Å ∑af,analysisPluralTheme,cup,l Å ∑af,l Å ∑rraf
694,aqqaj,analysisPluralTheme,throat,aqqaj,aqqaj
695,g ∑mim,analysisPluralTheme,mouthful,g ∑mim,g ∑mim
696,ugmim,analysisPluralTheme,mouthful,ugmim,ugmim
697,g ∑llas,analysisPluralTheme,cudgel,g ∑llas,gllus
698,mqqa,analysisPluralTheme,drop,mqqa,mqqi
699,saddam,analysisPluralTheme,gutter,saddam,saddam
700,!zn,analysisPluralTheme,grain,!zn,!zni
701,aqqaj,analysisPluralTheme,"grain, pearl",aqqaj,aqqa
702,urkim,analysisPluralTheme,boiled seeds,urkim,
703,ruf,analysisPluralTheme,roasted seeds,ruf,
705,sddal,analysisPluralTheme,large cover,sddal,sddul
706,hrrandu,analysisPluralTheme,"big guy, like a giant (can be pejorative)",hrrandu,hrrandu
707,duƒßan,analysisPluralTheme,large mill,duƒßan,duƒßan
708, Énba,analysisPluralTheme,big hole, Énba, Énbi
709,ssgna,analysisPluralTheme,minute hand,ssgna,ssgni
710,iœáibit,analysisPluralTheme,pitcherful,iœáibit,iœáibi
711, Å ∑ra É,analysisPluralTheme,large fork, Å ∑ra É, Åru É
712,brgmmit,analysisPluralTheme,big house,brgmmit,brgmmi
713,falat,analysisPluralTheme,large flat shovel ...,falat,fala
716,k ∑mmaz,analysisPluralTheme,scratching,k ∑mmaz,k ∑mmaz
717,gudar,analysisPluralTheme,fortified granary,gudar,gadir
718,g ∑ra,analysisPluralTheme,frog,g ∑ra,gru
719,!kazza,analysisPluralTheme,grinding,!kazza,!kizzi
720,kajjat,analysisPluralTheme,"thrush, black boy (type of bird)",kajjat,kajja
721,akat,analysisPluralTheme,large lizard,akat,aka
722,!dnaj,analysisPluralTheme,"large, thick",!dnaj,!dnaj
723,! Éfraj,analysisPluralTheme,big thorn,! Éfraj,! Éfri
724,bbankik,analysisPluralTheme,boulder,bbankik,bbankik
725,frsaj,analysisPluralTheme,big board,frsaj,frsi
726,fra,analysisPluralTheme,cave,fra,fri
727,!kabar,analysisPluralTheme,"group, convoy",!kabar,!kabar
728,sakat,analysisPluralTheme,ford,sakat,saka
729,mdaj,analysisPluralTheme,ambush,mdaj,mdaj
730,œám ∑am,analysisPluralTheme,mouth,œám ∑am,œámum
731,gumam,analysisPluralTheme,mouth,gumam,gamum
732,q É Éb(a),analysisPluralTheme,long habit,q É Éb(a),q É Éab
733,mzda Å,analysisPluralTheme,inhabitant,mzda Å,mzda Å
737,nmjur,analysisPluralTheme,used to,nmjur,nmjur
738, Éuqqar,analysisPluralTheme,ax, Éuqqar, Éaqqur
739,ƒßujak,analysisPluralTheme,haik,ƒßujak,ƒßajk
740,!dwwar,analysisPluralTheme,hamlet,!dwwar,!dwwar
741,!ukad,analysisPluralTheme,hook,!ukad,!ak ∑d
742,glgiz,analysisPluralTheme,cockchafer beetle,glgiz,glgiz
743,!ƒßurr(i),analysisPluralTheme,person who is free or pure,!ƒßurr(i),!ƒßurri
744,attaj,analysisPluralTheme,"height, elevation",attaj,attaj
747,bumƒßmd,analysisPluralTheme,hedgehog,bumƒßmd,bumƒßmd
749,mkkusa,analysisPluralTheme,heir,mkkusa,mkkasu
750,mkkas(a),analysisPluralTheme,heir,mkkas(a),mkkisi
752,ura É,analysisPluralTheme,lobster,ura É,aru É
753,rgaz,analysisPluralTheme,man,rgaz,rgaz
754,!sddaƒßmar,analysisPluralTheme,black man (pejorative),!sddaƒßmar,!sddaƒßmar
755,hrmma,analysisPluralTheme,man dressed in sheepskin (rite),hrmma,hrmma
756,bijlmawn,analysisPluralTheme,man dressed in sheepskin (rite),bijlmawn,bijlmawn
757,mazi Å,analysisPluralTheme,"free, Berber",mazi Å,mazi Å
759,madir,analysisPluralTheme,hoe,madir,madir
760,ƒß Éa É,analysisPluralTheme,hut,ƒß Éa É,ƒß Éu É
761,fasiw,analysisPluralTheme,hyena,fasiw,fis
762,mdha É,analysisPluralTheme,impressionable person,mdha É,mdhu É
764,mll Åtazlaft,analysisPluralTheme,freeloader,mll Åtazlaft,mll Åtazlaft
765,umla,analysisPluralTheme,"indications, information",umla,
766,ku Éam,analysisPluralTheme,handicapped person who cannot walk,ku Éam,ku Éam
768,nkkar,analysisPluralTheme,ungrateful person,nkkar,nkkar
769,!lutarat,analysisPluralTheme,stringed musical instrument,!lutarat,!lutar
770,!skkrad,analysisPluralTheme,"instrument to scrape, scraper",!skkrad,!skkrd
774,lawa,analysisPluralTheme,intestine,lawa,liwi
778,skajri(j),analysisPluralTheme,drunkard,skajri(j),skajri
779,ƒßg ∑ra,analysisPluralTheme,crop,ƒßg ∑ra,ƒßgru
782,ƒßssad,analysisPluralTheme,jealous person,ƒßssad,ƒßssad
783,mƒßsad,analysisPluralTheme,"jealous, envious person",mƒßsad,mƒßsad
784,wra Å,analysisPluralTheme,yellow person or thing,wra Å,wra Å
786,abbaj,analysisPluralTheme,card game with stakes,abbaj,abbaj
787,q ∑mmar,analysisPluralTheme,gambler,q ∑mmar,q ∑mmar
789,guzz,analysisPluralTheme,cheek,guzz,guzz
790,m íarraj,analysisPluralTheme,imitating a child's toy car,m íarraj,m íarraj
791,zzugla,analysisPluralTheme,yoke,zzugla,zzaglu
792,ussan,analysisPluralTheme,day,ussan,ass
793,mkara / kmir,analysisPluralTheme,day laborer,mkara / kmir,mkiri
794,nfraƒß,analysisPluralTheme,merry person,nfraƒß,nfruƒß
795,udaj,analysisPluralTheme,Jew,udaj,udaj
797,mkraz,analysisPluralTheme,plowman,mkraz,mkraz
798,mœá Éan,analysisPluralTheme,ugly person,mœá Éan,mœá Éun
801,ad Åar,analysisPluralTheme,"shred of cloth or tissue, flap",ad Åar,ad Åar
802,mummuj,analysisPluralTheme,lamentation,mummuj,mummuj
803,sutal,analysisPluralTheme,"diaper, strip of cloth",sutal,satl
804,alsiw,analysisPluralTheme,tongue,alsiw,ils
805,q ∑lil,analysisPluralTheme,rabbit,q ∑lil,q ∑lil
807,!mttaw,analysisPluralTheme,tear,!mttaw,!mtta
812,mgg ∑at,analysisPluralTheme,washer,mgg ∑at,mgg ∑a
813,sgg ∑rad,analysisPluralTheme,wash,sgg ∑rad,sgg ∑rd
818,brat,analysisPluralTheme,letter,brat,bra
819,n Éra,analysisPluralTheme,lip,n Éra,n Ér
820,anfur,analysisPluralTheme,lower lip,anfur,anfur
821,q ídr,analysisPluralTheme,lizard,q ídr,q ídr
822,assas,analysisPluralTheme,link,assas,assas
823,skraf,analysisPluralTheme,"link, hobble for horse or other livestock",skraf,skrf
824,srir,analysisPluralTheme,meeting place,srir,srir
825,sujas,analysisPluralTheme,meeting place,sujas,sajs
826,wtl(a),analysisPluralTheme,hare,wtl(a),wtil
827,izmaw,analysisPluralTheme,lion,izmaw,izm
828,grzam,analysisPluralTheme,lion,grzam,grzam
829,ƒßlallaj,analysisPluralTheme,"smooth and rounded thing (e.g., a stone shaped by water)",ƒßlallaj,ƒßlallaj
831, Åzzujfa,analysisPluralTheme,"long, tall, tall person", Åzzujfa, Åzzajfu
832,brda,analysisPluralTheme,rag,brda,brdi
833, Élliq,analysisPluralTheme,rag, Élliq, Élliq
834,hdduz,analysisPluralTheme,rag,hdduz,hdduz
835, Å ∑n íaw,analysisPluralTheme,ladle, Å ∑n íaw, Å ∑n ía
836,sugam,analysisPluralTheme,scoop,sugam,sag ∑m
837,srkas,analysisPluralTheme,ladle to mix,srkas,srks
839,krraj,analysisPluralTheme,"landlord, tenant",krraj,krraj
842,ufaw,analysisPluralTheme,light,ufaw,ufaw
843,ifaw,analysisPluralTheme,"light, clarity",ifaw,ifaw
844,mhddr,analysisPluralTheme,"luron, energetic person, joker",mhddr,mhddr
846,ma Å,analysisPluralTheme,"fight, fight action",ma Å,mi Å
847,ag íiw,analysisPluralTheme,jaw,ag íiw,ag ía
848,bnnaj,analysisPluralTheme,mason,bnnaj,bnnaj
849,nd ïaf,analysisPluralTheme,lean person or animal,nd ïaf,nd ïuf
851,msduda,analysisPluralTheme,skinny person or animal,msduda,msdadu
852,fass,analysisPluralTheme,hand,fass,fus
853,!k ∑r É Éid,analysisPluralTheme,hand (pejorative),!k ∑r É Éid,!k ∑r É Éid
854,g ∑mma,analysisPluralTheme,home,g ∑mma,gmmi
855,!mddsr,analysisPluralTheme,"impolite, turbulent person",!mddsr,!mddsr
856,!mudan,analysisPluralTheme,sick person (patient),!mudan,!madun
858,wa É É,analysisPluralTheme,"unlucky person, someone who attracts problems",wa É É,wa É É
859,iwtma,analysisPluralTheme,male,iwtma,awtm
860,!ddukka,analysisPluralTheme,handlebar plow,!ddukka,!ddakku
863,sk ∑taj,analysisPluralTheme,crank,sk ∑taj,sk ∑ti
865,glagal,analysisPluralTheme,marsh,glagal,glagal
867,sk ∑fal,analysisPluralTheme,stair,sk ∑fal,sk ∑fl
868,mzigz,analysisPluralTheme,walker,mzigz,mzigz
869,m Åriw,analysisPluralTheme,marriage,m Åriw,m Åra
870,bƒßri(j),analysisPluralTheme,"marine, sailor",bƒßri(j),bƒßri
871,kin,analysisPluralTheme,cooking pot,kin,kin
872,g ∑dar,analysisPluralTheme,cooking pot,g ∑dar,gdur
873,kssal,analysisPluralTheme,masseur,kssal,kssal
875,mhra É,analysisPluralTheme,bad person,mhra É,mhru É
876,!gzzaz,analysisPluralTheme,stomach ache,!gzzaz,!gzzaz
877,!dbib,analysisPluralTheme,doctor,!dbib,!dbib
878,safar,analysisPluralTheme,drug,safar,safar
879,b íaw,analysisPluralTheme,mehari (dromedary camel),b íaw,b íaw
880,mrwaj,analysisPluralTheme,"mixture, mess",mrwaj,mrwaj
883,rgg ∑aj,analysisPluralTheme,"mixing, disorder",rgg ∑aj,rgg ∑aj
884,frdaj,analysisPluralTheme,"member of a pair of things (e.g., shoes, socks)",frdaj,frdi
886,mnqqar,analysisPluralTheme,beggar,mnqqar,mnqqr
887,ikrkas,analysisPluralTheme,lie,ikrkas,
888,!n í íar,analysisPluralTheme,carpenter,!n í íar,!n í íar
890,mkraj,analysisPluralTheme,mercenary,mkraj,mkraj
891,sqq ∑al,analysisPluralTheme,measurement (= arm),sqq ∑al,sqqul
892,!ftri,analysisPluralTheme,grain measure,!ftri,!ftri
893,! ïbbar,analysisPluralTheme,"measuring, measuring vessel, weighing or measuring person",! ïbbar,! ïbbar
894,sttwa,analysisPluralTheme,loom,sttwa,stta
896,ƒßzgan,analysisPluralTheme,mestizo,ƒßzgan,ƒßzgan
900,swwan,analysisPluralTheme,kite,swwan,swwan
901,!afda,analysisPluralTheme,thousand,!afda,!ifd
902,!drrab,analysisPluralTheme,minor,!drrab,!drrab
903,zbabaj,analysisPluralTheme,"tiny, thin thing",zbabaj,zbabaj
906,!zakka,analysisPluralTheme,sparrow,!zakka,!zikki
907,irn,analysisPluralTheme,month,irn,ajjur
908,n Åmal,analysisPluralTheme,"mold, fungus",n Åmal,n Åmal
911,ƒß Ém(i),analysisPluralTheme,"kid, child",ƒß Ém(i),ƒß Émi
912,murran,analysisPluralTheme,monster (extremely strong person),murran,murran
914,budrar,analysisPluralTheme,mountaineer,budrar,budrar
915,drar,analysisPluralTheme,mountain,drar,drar
917,budaz,analysisPluralTheme,mound,budaz,baduz
919,!tnnaz,analysisPluralTheme,mocker,!tnnaz,!tnnaz
920,frkkaj,analysisPluralTheme,piece,frkkaj,frkkuj
921,!qdi ï,analysisPluralTheme,piece,!qdi ï,!qdi ï
922,!k ∑ É Éad,analysisPluralTheme,piece of wood,!k ∑ É Éad,!k É Éud
923,ubbi É,analysisPluralTheme,piece of bread,ubbi É,ubbi É
924,gz ∑ma,analysisPluralTheme,"piece, tearing action",gz ∑ma,gzzum
925,brzzaj,analysisPluralTheme,"piece, shard",brzzaj,brzzuj
926,frda,analysisPluralTheme,mortar (container),frda,frdu
927,œá ∑lil,analysisPluralTheme,glanders (disease),œá ∑lil,œá ∑lil
928,q ∑bajs,analysisPluralTheme,sod,q ∑bajs,q ∑bajs
929,!uttub,analysisPluralTheme,clod,!uttub,!uttub
930,lgg ∑a Å,analysisPluralTheme,soft thing,lgg ∑a Å,lgg ∑a Å
931,iza(t),analysisPluralTheme,fly,iza(t),izi
932,udad,analysisPluralTheme,mouflon (wild sheep),udad,udad
935,zrg ∑a,analysisPluralTheme,"quern, hand mill",zrg ∑a,zrg
936,wabiba,analysisPluralTheme,mosquito,wabiba,wabiba
937,hraj,analysisPluralTheme,sheep,hraj,hruj
938,gnaw,analysisPluralTheme,mute,gnaw,gnaw
939,srdan,analysisPluralTheme,mule,srdan,srdun
940,buri,analysisPluralTheme,mullet (fish),buri,buri
942, Å ∑rb(a),analysisPluralTheme,wall, Å ∑rb(a), Å ∑rab
943,q ∑mma,analysisPluralTheme,snout,q ∑mma,qmmu
944,g ∑nfar,analysisPluralTheme,snout,g ∑nfar,gnfur
945,sk ∑mas,analysisPluralTheme,"haversack, bag for bullets",sk ∑mas,sk ∑ms
946,muslm,analysisPluralTheme,Muslim,muslm,muslm
947, ïwwam,analysisPluralTheme,swimmer, ïwwam, ïwwam
949,œánœáam,analysisPluralTheme,nasal (someone who speaks with a nasal sound),œánœáam,œánœáam
950,grtal,analysisPluralTheme,mat,grtal,grtil
952,rkm(a),analysisPluralTheme,turnip,rkm(a),rkkim
953,anaw,analysisPluralTheme,ship,anaw,anaw
954,suqqi,analysisPluralTheme,slave,suqqi,suqqi
955,wiw,analysisPluralTheme,slave,wiw,wajja
957,œáittus,analysisPluralTheme,simpleton,œáittus,œáittus
958,sddja,analysisPluralTheme,nest,sddja,sddi
959,ajrris,analysisPluralTheme,node,ajrris,ajrris
960,mukris,analysisPluralTheme,"node, problem, boredom (fig)",mukris,mukris
961,sggan,analysisPluralTheme,black thing,sggan,sggan
965,smaw,analysisPluralTheme,name,smaw,sm
966,mntag,analysisPluralTheme,person who comes from Imntagn region,mntag,mntag
967,!rƒßƒßal,analysisPluralTheme,nomad,!rƒßƒßal,!rƒßƒßal
968,!ibuda,analysisPluralTheme,belly button,!ibuda,!abud
969,bahlal,analysisPluralTheme,nonchalant,bahlal,bahlal
970,nm Åur,analysisPluralTheme,notable,nm Åur,nm Åur
971,m Åur,analysisPluralTheme,notable person,m Åur,m Åur
972,m Åar,analysisPluralTheme,"notable, the village chief",m Åar,m Åar
973,wmmis,analysisPluralTheme,"nouet, amulet",wmmis,wmmis
974,unkir,analysisPluralTheme,"infant, sapling",unkir,unkir
975,mt Éa,analysisPluralTheme,food,mt Éa,mt Éu
976,mzda,analysisPluralTheme,"guest, an invited person",mzda,mzdi
977, Å ∑rma,analysisPluralTheme,core, Å ∑rma, Å ∑rmi
978,mdla,analysisPluralTheme,cloud,mdla,mdlu
979,!ada,analysisPluralTheme,night,!ada,!id
980,!ƒßttaz,analysisPluralTheme,obese person,!ƒßttaz,!ƒßttuz
981,!tbbaz,analysisPluralTheme,obese person,!tbbaz,!tbbuz
982,!ƒßtabbaz,analysisPluralTheme,obese person,!ƒßtabbaz,!ƒßtabbaz
983,afaw,analysisPluralTheme,luminous object,afaw,afaw
984,illas,analysisPluralTheme,darkness,illas,
985,wwuriw,analysisPluralTheme,occupation,wwuriw,wwuri
986,mrsal,analysisPluralTheme,red ocher,mrsal,mrsal
988,!ittaw,analysisPluralTheme,eye,!ittaw,!it
989,glaj,analysisPluralTheme,egg,glaj,glaj
990,! Å ∑zn(a),analysisPluralTheme,ogre,! Å ∑zn(a),! Å ∑zn
991,m Åuz,analysisPluralTheme,scavenger bird,m Åuz,m Åuz
992,fraraj,analysisPluralTheme,chick,fraraj,fraraj
993,sajlal,analysisPluralTheme,chick,sajlal,sajlal
994,sk ∑la,analysisPluralTheme,shadow,sk ∑la,sklu
995,mula,analysisPluralTheme,shadow,mula,malu
997,askar,analysisPluralTheme,"nail, fingernail",askar,iskr
999,mzza Å,analysisPluralTheme,ear,mzza Å,mzzu Å
1000,!wsad,analysisPluralTheme,pillow,!wsad,!wsad
1001,sjja Å,analysisPluralTheme,goldsmith,sjja Å,sjja Å
1002,!aldiw,analysisPluralTheme,stye,!aldiw,!ild
1004,nkkubra,analysisPluralTheme,proud person (negative connotation),nkkubra,nkkabru
1005,ƒßaƒß(a),analysisPluralTheme,Haha native (region of Morocco),ƒßaƒß(a),ƒßiƒßi
1007,gigil,analysisPluralTheme,orphan,gigil,gigil
1008,fdn,analysisPluralTheme,toe,fdn,fdni
1009,fnza,analysisPluralTheme,"toe, hoof",fnza,fnzi
1010,œása,analysisPluralTheme,bone,œása,œás
1011,!zzmaj,analysisPluralTheme,"wicker, cane, plants with flexible stems",!zzmaj,!zzmaj
1012,g ∑ í íim,analysisPluralTheme,ouran (peacock monitor lizard),g ∑ í íim,g ∑ í íim
1014,mƒßukkut,analysisPluralTheme,tool to rub the skin,mƒßukkut,mƒßukku
1015,g ∑ É Éal,analysisPluralTheme,sack made from the skin of an animal,g ∑ É Éal,g É Éul
1016,ajddid,analysisPluralTheme,"water sack, made from animal skin",ajddid,ajddid
1018,m É Åal,analysisPluralTheme,worker,m É Åal,m É Åul
1021,an Åiw,analysisPluralTheme,palate (mouth),an Åiw,an Åa
1022,g ∑ í íaf,analysisPluralTheme,date palm,g ∑ í íaf,g í íuf
1023,balliw,analysisPluralTheme,"part of a dress than hangs down, bang",balliw,billu
1024,sgras,analysisPluralTheme,shopping cart,sgras,sgrs
1025,arjal,analysisPluralTheme,shopping cart,arjal,arjal
1026,azgaw,analysisPluralTheme,shopping cart,azgaw,azgaw
1027,bddiz,analysisPluralTheme,"rumen, first stomach of a ruminant",bddiz,bddiz
1028,!frtuttu,analysisPluralTheme,butterfly,!frtuttu,!frtuttu
1030,waliw,analysisPluralTheme,"speech, language",waliw,wal
1032,œá ∑rbi É,analysisPluralTheme,part of a Koranic school,œá ∑rbi É,œá ∑rbi É
1033, Ébbiƒß,analysisPluralTheme,step (walking), Ébbiƒß, Ébbiƒß
1036,dikal,analysisPluralTheme,palm,dikal,dikl
1037,argliw,analysisPluralTheme,eyelid,argliw,irgl
1038,gllin,analysisPluralTheme,"poor, pitiful",gllin,gllin
1039,mizar,analysisPluralTheme,"country, region",mizar,mazir
1040,lmaw,analysisPluralTheme,skin,lmaw,lm
1043,!hidar,analysisPluralTheme,sheepskin,!hidar,!hidur
1044,ilaw Éiw,analysisPluralTheme,sheepskin to sit,ilaw Éiw,iliw É
1045,!sjjad,analysisPluralTheme,fisherman or hunter,!sjjad,!sjjad
1046,sbba Ån,analysisPluralTheme,painter (non-artistic painting),sbba Ån,sbba Å
1049,ilm Éaw,analysisPluralTheme,peel,ilm Éaw,ilm É
1050,!b ídad,analysisPluralTheme,penis,!b ídad,!b ídid
1051,!bazzat,analysisPluralTheme,penis,!bazzat,!bazza
1052,bukka,analysisPluralTheme,animal penis,bukka,bakku
1053,swingim,analysisPluralTheme,"thought, reflection",swingim,swingim
1054,aggsar,analysisPluralTheme,sloping ravine,aggsar,aggsar
1055,!grnad,analysisPluralTheme,partridge,!grnad,!grnid
1056,sk ∑r(a),analysisPluralTheme,partridge,sk ∑r(a),skkur
1058,bijrkan,analysisPluralTheme,filthy person,bijrkan,bijrkan
1059,mdulla,analysisPluralTheme,person without self-esteem,mdulla,mdallu
1060,u íliœá,analysisPluralTheme,very dirty person,u íliœá,u íliœá
1061,!ssdal,analysisPluralTheme,small tub,!ssdal,!ssdl
1063, År Å ∑ar,analysisPluralTheme,small hand mill, År Å ∑ar, År Åur
1064,ddwajrit,analysisPluralTheme,parlor,ddwajrit,ddwajri
1065,m íiw í,analysisPluralTheme,small tornado,m íiw í,m íiw í
1066,k ∑ssad,analysisPluralTheme,fear,k ∑ssad,
1068,!dar,analysisPluralTheme,foot,!dar,!dar
1069,!zra(t),analysisPluralTheme,stone,!zra(t),!zru
1070,igguna,analysisPluralTheme,stone,igguna,aggun
1071,smsad,analysisPluralTheme,"whetstone, sharpening",smsad,smsd
1072,nka,analysisPluralTheme,stone fireplace,nka,nk
1073,tbir,analysisPluralTheme,pigeon,tbir,tbir
1075,imura,analysisPluralTheme,pestle,imura,amur
1076,sukkam,analysisPluralTheme,pestle,sukkam,sakk ∑m
1077,subbak,analysisPluralTheme,"pestle, mallet",subbak,sabbuk
1078,fifl,analysisPluralTheme,chili (du),fifl,fifl
1080,bbunaz,analysisPluralTheme,Pinch,bbunaz,bbuniz
1081,sukas,analysisPluralTheme,tweezers for removing thorns,sukas,
1082,glzam,analysisPluralTheme,pickaxe,glzam,glzim
1083,ugas,analysisPluralTheme,"picket, stake",ugas,agus
1084,!bijbzdan,analysisPluralTheme,pissing,!bijbzdan,!bijbzdan
1085,za Åar,analysisPluralTheme,plain,za Åar,za Åar
1086,smummij,analysisPluralTheme,complaint,smummij,smummi
1087,smummuj,analysisPluralTheme,complaint,smummuj,smummuj
1091,ba Éil,analysisPluralTheme,sole (of foot),ba Éil,ba Éil
1093,fllan,analysisPluralTheme,earthenware dish for bread,fllan,fllun
1094,!rb ïaj,analysisPluralTheme,tray made of palm leaves,!rb ïaj,!rb ïi
1095,!nada,analysisPluralTheme,fold,!nada,!nidi
1096,!nzar,analysisPluralTheme,rain,!nzar,!nzar
1097,!r É Éa É,analysisPluralTheme,very light rain,!r É Éa É,!r É Éa É
1098,nutaf,analysisPluralTheme,"plucked (of an animal, e.g., lost feathers or fur)",nutaf,natuf
1099,l íjub,analysisPluralTheme,pocket,l íjub,l íib
1100,lmqlat,analysisPluralTheme,stove,lmqlat,lmqla
1101,zla,analysisPluralTheme,poem,zla,zli
1102,!nddam,analysisPluralTheme,"poet; poem, poetry, poet, wife, job, art of the poet",!nddam,!nddam
1103,!ummaz,analysisPluralTheme,handle,!ummaz,!ummaz
1104,!ummiz,analysisPluralTheme,handle,!ummiz,!ummiz
1105,azbal,analysisPluralTheme,hair,azbal,izbl
1106,slm(a),analysisPluralTheme,fish,slm(a),slm
1107,dmar,analysisPluralTheme,chest,dmar,dmr
1108,gnannaj,analysisPluralTheme,polished and rounded (stone),gnannaj,gnannaj
1110,ura É,analysisPluralTheme,porcupine,ura É,aru É
1111,flw(a),analysisPluralTheme,portal,flw(a),flu
1112,iggura,analysisPluralTheme,portal,iggura,aggur
1113,massaj,analysisPluralTheme,"carrier, transporter",massaj,massaj
1114,grrab,analysisPluralTheme,carrier of water,grrab,grrab
1115,nmdaj,analysisPluralTheme,setter of traps,nmdaj,nmdaj
1116,g ∑nnir,analysisPluralTheme,"ass, backside",g ∑nnir,g ∑nnir
1117, Éigim,analysisPluralTheme,terracotta pot, Éigim, Éigim
1118, íwwal,analysisPluralTheme,pot for plants, íwwal, íwwal
1119,g ∑mz(a),analysisPluralTheme,inch,g ∑mz(a),g ∑mz
1121,n Å ∑ra,analysisPluralTheme,chicken coop,n Å ∑ra,n Å ∑r
1122, ída ï,analysisPluralTheme,foal, ída ï, ída ï
1123,zujaz,analysisPluralTheme,octopus,zujaz,zajz
1126, Å ∑bbar,analysisPluralTheme,dust, Å ∑bbar, Å ∑bbar
1127,!g ∑drar,analysisPluralTheme,dust,!g ∑drar,!gdrur
1128,kjjaw,analysisPluralTheme,chick,kjjaw,kjjaw
1129,g ída,analysisPluralTheme,wooden beam,g ída,g ídi
1130,mzwura,analysisPluralTheme,first thing,mzwura,mzwaru
1131,mzwar,analysisPluralTheme,first predecessor,mzwar,mzwur
1133,mitar,analysisPluralTheme,proof,mitar,matar
1137,!iwmmaz,analysisPluralTheme,taking both hands,!iwmmaz,!awmmiz
1140,tarwa,analysisPluralTheme,"offspring, progeny",tarwa,arraw
1142,murri,analysisPluralTheme,walk,murri,murri
1144, ímu ï,analysisPluralTheme,"talk about, chat", ímu ï, ímu ï
1146,mggan,analysisPluralTheme,prostitute,mggan,mggan
1147, íarra,analysisPluralTheme,provincial (pejorative) person, íarra, íarra
1148, ík ∑naj,analysisPluralTheme,provincial (pejorative) person, ík ∑naj, ík ∑ni
1149,qwwad,analysisPluralTheme,procurer,qwwad,qwwad
1150,nzzumma,analysisPluralTheme,stinking,nzzumma,nzzammu
1153,gg ∑rda,analysisPluralTheme,chip,gg ∑rda,gg ∑rdi
1155,nagam,analysisPluralTheme,whelk,nagam,nagam
1156,una,analysisPluralTheme,well,una,anu
1158,sqsit,analysisPluralTheme,issue interrogation,sqsit,sqsi
1159,m Åil,analysisPluralTheme,tail,m Åil,m Åil
1160,!mjjad,analysisPluralTheme,someone having the evil eye,!mjjad,!mjjad
1161,!mlzaj,analysisPluralTheme,one who has a sprain,!mlzaj,!mlzi
1162,m ïkas,analysisPluralTheme,one who likes to oppose,m ïkas,m ïkas
1163,!mittus,analysisPluralTheme,"one who sleeps all the time, lazy person",!mittus,!mittus
1164,mssfld,analysisPluralTheme,"listener, like in a radio audience",mssfld,mssfld
1165,msla,analysisPluralTheme,saddle,msla,msl
1166,!zura,analysisPluralTheme,"root, nerve",!zura,!zur
1172,nzdam,analysisPluralTheme,gatherer of wood,nzdam,nzdam
1173,g ∑la,analysisPluralTheme,oar,g ∑la,glu
1174,nbdad,analysisPluralTheme,banister,nbdad,nbdad
1175,sbraj,analysisPluralTheme,grater,sbraj,sbri
1176,blla Å,analysisPluralTheme,"protractor, rapporteur",blla Å,blla Å
1177,ng ∑al,analysisPluralTheme,cactus racket,ng ∑al,ngul
1178,!nrfad,analysisPluralTheme,spleen,!nrfad,!nrfd
1180, Åzra,analysisPluralTheme,ravine, Åzra, Åzr
1181,!znzar,analysisPluralTheme,sunbeam,!znzar,!znzar
1182,!krra í,analysisPluralTheme,scratch,!krra í,!krra í
1184,lukaf,analysisPluralTheme,rubber container (part of waterwheel),lukaf,lukaf
1185,anas,analysisPluralTheme,copper,anas,anas
1190,!msttr,analysisPluralTheme,ruler to draw,!msttr,!msttr
1192,!gzzal,analysisPluralTheme,"kidney, kidney",!gzzal,!gzzl
1193,bu Åa Å,analysisPluralTheme,fox,bu Åa Å,ba Åu Å
1194,lmuggar,analysisPluralTheme,"meeting, moussem (Mawsim, a religious festival)",lmuggar,lmuggar
1195,iram,analysisPluralTheme,meal,iram,irm
1196,ut Éa,analysisPluralTheme,meal,ut Éa,ut Éi
1198,lƒß Éma,analysisPluralTheme,"reserve, restraint",lƒß Éma,
1199,magur,analysisPluralTheme,resting person,magur,magur
1201,!matul,analysisPluralTheme,latecomer,!matul,!matul
1204,wargiw,analysisPluralTheme,dream,wargiw,wargi
1205,krra É,analysisPluralTheme,"wrinkle, fold",krra É,krra É
1206,sura,analysisPluralTheme,channel,sura,saru
1210,! íarif,analysisPluralTheme,rock,! íarif,! íarif
1211,gld(a),analysisPluralTheme,king,gld(a),gllid
1212,sœáurrut,analysisPluralTheme,snoring,sœáurrut,sœáurru
1213,sƒßarraj,analysisPluralTheme,purring,sƒßarraj,sƒßarraj
1214, Åalim,analysisPluralTheme,reed, Åalim, Åalim
1216, Éwwaj,analysisPluralTheme,roaster, Éwwaj, Éwwaj
1217,!zgg ∑a Å,analysisPluralTheme,red thing,!zgg ∑a Å,!zgg ∑a Å
1220,q ∑n íllaj,analysisPluralTheme,"roulade, acrobatics",q ∑n íllaj,q ∑n ílli
1221,ƒßlulluj,analysisPluralTheme,"roll, somersault",ƒßlulluj,ƒßlullu
1222,iqqar,analysisPluralTheme,kick,iqqar,iqqr
1224,swak,analysisPluralTheme,street,swak,suk
1225,œárubba,analysisPluralTheme,ruin,œárubba,œárabbu
1226,mlal,analysisPluralTheme,sand,mlal,mlal
1227,fn Ékkar,analysisPluralTheme,hoof,fn Ékkar,fn Ékkr
1228,wlk(a),analysisPluralTheme,pannier bag,wlk(a),wlk
1229,q ∑rab,analysisPluralTheme,pannier,q ∑rab,q ∑rab
1231,g ∑rram,analysisPluralTheme,saint,g ∑rram,g ∑rram
1232,zlmumma,analysisPluralTheme,salamander,zlmumma,zlmammu
1233,mrk(a),analysisPluralTheme,dirty person,mrk(a),mrku
1234,rka,analysisPluralTheme,"dirtiness, filth",rka,
1235,!msraj,analysisPluralTheme,living room,!msraj,!msri
1236,!urzij,analysisPluralTheme,sandal,!urzij,!urzij
1237,alfiw,analysisPluralTheme,boar,alfiw,ilf
1238,balis,analysisPluralTheme,Satan,balis,blis
1242,!brran,analysisPluralTheme,wild (cat),!brran,!brran
1243,fhim,analysisPluralTheme,scientist,fhim,fhim
1245,!fddaƒß,analysisPluralTheme,scandal,!fddaƒß,!fddaƒß
1248,ga í ía,analysisPluralTheme,beetle,ga í ía,gi í íi
1249,qnraf,analysisPluralTheme,palm tip,qnraf,qnrif
1250, Åardmiw,analysisPluralTheme,scorpion, Åardmiw, Åirdm
1251,agiw,analysisPluralTheme,leather bucket,agiw,aga
1258,sba ï(i),analysisPluralTheme,seventh,sba ï(i),sba ïi
1259,gallit,analysisPluralTheme,oath,gallit,galli
1260,bnkal,analysisPluralTheme,snake,bnkal,bnkal
1261,!lg ∑mad,analysisPluralTheme,snake,!lg ∑mad,!lg ∑mad
1262,!bba Ékar,analysisPluralTheme,"talons, claws",!bba Ékar,!bba Ékar
1263,asad,analysisPluralTheme,"lock, lock",asad,asad
1264,sœáœáar,analysisPluralTheme,servant,sœáœáar,sœáœáar
1267,!drfa,analysisPluralTheme,furrow,!drfa,!drf
1268,sr(fa/af),analysisPluralTheme,silo,sr(fa/af),sraf
1269,g ∑rsiw,analysisPluralTheme,ploughshare,g ∑rsiw,g ∑rsa
1270,rafa,analysisPluralTheme,thirst,rafa,rifi
1271,rifi(j),analysisPluralTheme,"thirst, drought, dryness",rifi(j),rifi
1272,! ïskraj,analysisPluralTheme,soldier,! ïskraj,! ïskri
1274,mdwwas,analysisPluralTheme,solid thing or person,mdwwas,mdwws
1276,m ïzal,analysisPluralTheme,"solitary thing, typically a person",m ïzal,m ïzul
1279,sƒßƒßar,analysisPluralTheme,"sorcerer, magician",sƒßƒßar,sƒßƒßar
1280, Éwar(i),analysisPluralTheme,sort of pack, Éwar(i), Éwari
1282,!k ∑ íbad,analysisPluralTheme,kind of cactus,!k ∑ íbad,!k íbud
1284,u Åaj,analysisPluralTheme,kind of game (pebbles),u Åaj,
1285,wsaj,analysisPluralTheme,kind of turnip,wsaj,wsaj
1286,!brdag,analysisPluralTheme,kind of fish,!brdag,!brdag
1287,bla Å,analysisPluralTheme,kind of fish,bla Å,bla Å
1288,sargal,analysisPluralTheme,Bluefish,sargal,sargal
1289,!warzzan,analysisPluralTheme,a kind of beetle,!warzzan,!warzzan
1290,!zdad,analysisPluralTheme,kind of bird,!zdad,!zdud
1291,bujaƒß,analysisPluralTheme,kind of bird,bujaƒß,bajƒß
1293,skkir,analysisPluralTheme,"spells, witchcraft",skkir,
1294,mrwas,analysisPluralTheme,"double, doppleganger",mrwas,mrwas
1295,!g í íw(a),analysisPluralTheme,tree stump ,!g í íw(a),!g í ía
1297,iskfa,analysisPluralTheme,soup,iskfa,askkif
1298, Åbula,analysisPluralTheme,spring, Åbula, Åbalu
1299,imit,analysisPluralTheme,eyebrow,imit,
1300,!drdar,analysisPluralTheme,deaf,!drdar,!drdur
1301, Årdaj,analysisPluralTheme,mouse, Årdaj, Årda
1302,!amdlus,analysisPluralTheme,sneaky person or animal,!amdlus,!amdlus
1305,!ndfur,analysisPluralTheme,next person or thing,!ndfur,!ndfur
1306,nbdad,analysisPluralTheme,supervisor,nbdad,nbdad
1307,nfl(a/u)s,analysisPluralTheme,supervisor appointed by the Djemaa,nfl(a/u)s,nflus
1309,lluwaƒß,analysisPluralTheme,"table, board",lluwaƒß,lluƒß
1311,!brba É,analysisPluralTheme,spotted,!brba É,!brba É
1312,brar,analysisPluralTheme,spotted,brar,brar
1315,wrza,analysisPluralTheme,heel,wrza,wrz
1316,lluna,analysisPluralTheme,tambourine,lluna,llun
1317,gwwal,analysisPluralTheme,tambourine,gwwal,gwwal
1320,!zrbaj,analysisPluralTheme,carpet,!zrbaj,!zrbi
1321,ƒßnbal,analysisPluralTheme,carpetblanket,ƒßnbal,ƒßnbl
1322,mddaz,analysisPluralTheme,heap,mddaz,mdduz
1323,gudij,analysisPluralTheme,heap,gudij,gudi
1324,mqqaz,analysisPluralTheme,pile of dung,mqqaz,mqquz
1325,krk ∑ar,analysisPluralTheme,pile of stones,krk ∑ar,krkur
1326,!rr Éum,analysisPluralTheme,tattoo,!rr Éum,!rr Ém
1327,r É Éam,analysisPluralTheme,tattooist,r É Éam,r É Éam
1328,wmmat,analysisPluralTheme,bull,wmmat,wmmat
1331,!m í íad,analysisPluralTheme,person with ringworm infection,!m í íad,!m í íud
1332, íaœáœáa,analysisPluralTheme,sandstorm, íaœáœáa, íiœáœái
1333,!gitan,analysisPluralTheme,tent,!gitan,!gitun
1334,ikaliw,analysisPluralTheme,land,ikaliw,akal
1336,zg ∑j(a),analysisPluralTheme,shard,zg ∑j(a),zg ∑i
1337,!frzzaj,analysisPluralTheme,"shard, splinter",!frzzaj,!frzzi
1338,glaj,analysisPluralTheme,testicle,glaj,glaj
1339,iœáfaw,analysisPluralTheme,head,iœáfaw,iœáf
1340,gujja,analysisPluralTheme,head,gujja,gajju
1342,lbrarid,analysisPluralTheme,tea-pot,lbrarid,lbrrad
1345, Éuk( ∑)ak,analysisPluralTheme,wig, Éuk( ∑)ak, Éakuk
1346,nƒß Éum,analysisPluralTheme,"shy, modest",nƒß Éum,nƒß Éum
1347,slluf,analysisPluralTheme,tick,slluf,slluf
1350,sufa,analysisPluralTheme,"ember, brand",sufa,safu
1352,!mdal,analysisPluralTheme,"grave, grave slab",!mdal,!mdl
1353,mlas,analysisPluralTheme,shearer,mlas,mlas
1354,ggig,analysisPluralTheme,thunder,ggig,ggig
1358,buttgra,analysisPluralTheme,turtle,buttgra,buttgra
1366,!sttar,analysisPluralTheme,"line, made with writing instrument",!sttar,!sttar
1369, Å ∑ddar,analysisPluralTheme,traitor, Å ∑ddar, Å ∑ddar
1370,m Ådar,analysisPluralTheme,traitor,m Ådar,m Ådar
1372,lœádajm,analysisPluralTheme,work,lœádajm,lœádm
1374,m É Åal,analysisPluralTheme,"hard working, worker",m É Åal,m É Åal
1375,œáddam,analysisPluralTheme,"worker, worker",œáddam,œáddam
1380,zlag,analysisPluralTheme,braiding,zlag,zlag
1381,!k ∑jjad,analysisPluralTheme,plait,!k ∑jjad,!kjjud
1383,lullut,analysisPluralTheme,tribulations,lullut,
1384,m Å Éa É,analysisPluralTheme,cheater,m Å Éa É,m Å Éu É
1385,sugal,analysisPluralTheme,tripe,sugal,sag ∑l
1386,ik ∑nnad,analysisPluralTheme,"deceit, hypocrisy",ik ∑nnad,
1387,k ∑nnad,analysisPluralTheme,misleading,k ∑nnad,k ∑nnad
1388, Énba,analysisPluralTheme,hole, Énba, Énbi
1389,nqba,analysisPluralTheme,hole,nqba,nqbi
1390,na Åa,analysisPluralTheme,person killed in action,na Åa,ni Åi
1391,qttal,analysisPluralTheme,killer,qttal,qttal
1392,fttak,analysisPluralTheme,"killer, slaughterer",fttak,fttak
1395, í ïbab,analysisPluralTheme,pipe, í ïbab, í ïbub
1396,qudas,analysisPluralTheme,pipe,qudas,qadus
1398,f Éka,analysisPluralTheme,utensil,f Éka,f Éku
1399,srwa,analysisPluralTheme,utensil to mix,srwa,srwi
1400,rukut,analysisPluralTheme,utensil,rukut,ruku
1402,lulluj,analysisPluralTheme,vagrancy,lulluj,lulli
1403,lulluj,analysisPluralTheme,vagrancy,lulluj,lullu
1404,b Éw(a),analysisPluralTheme,vagina,b Éw(a),b É Éi
1405, Éttir,analysisPluralTheme,vagina, Éttir, Éttir
1406,sgg ∑j(a),analysisPluralTheme,"van, trash basket",sgg ∑j(a),sgg ∑i
1408,ginan,analysisPluralTheme,valve,ginan,ginan
1409,!mzwaj,analysisPluralTheme,winnower,!mzwaj,!mzwaj
1410,ragg ∑,analysisPluralTheme,steam,ragg ∑,rigg
1411,l Å ∑rraf,analysisPluralTheme,drinking vessel,l Å ∑rraf,l Å ∑rraf
1412, Å ∑rraf,analysisPluralTheme,drinking vessel, Å ∑rraf, Å ∑rraf
1414, ïlla É,analysisPluralTheme,veal, ïlla É, ïllu É
1417, íiwwa,analysisPluralTheme,strong wind, íiwwa, íiwwi
1418,!ƒßbbad,analysisPluralTheme,belly,!ƒßbbad,!ƒßbbud
1419,ƒßlg(a),analysisPluralTheme,belly,ƒßlg(a),ƒßlig
1420,buœáœáuj,analysisPluralTheme,worm,buœáœáuj,buœáœáu
1422,m Åil,analysisPluralTheme,penis,m Åil,m Åil
1423,!sllab,analysisPluralTheme,"rod, whip",!sllab,!sllab
1424,urt(a),analysisPluralTheme,orchard,urt(a),urti
1425,mudal,analysisPluralTheme,slope,mudal,madl
1426,zgzaw,analysisPluralTheme,green,zgzaw,zgzaw
1427,mlillaj,analysisPluralTheme,"dizziness, nausea",mlillaj,
1428,ku É É(a),analysisPluralTheme,"vesse, flatulence",ku É É(a),ku É Éi
1429,adgal,analysisPluralTheme,widower,adgal,adgal
1430,a Åar,analysisPluralTheme,"meat, dried tripe",a Åar,
1431, Årsiw,analysisPluralTheme,"victim, sacrifice in a festival", Årsiw, Årsi
1433,fqqir,analysisPluralTheme,old person,fqqir,fqqir
1434, Éiban,analysisPluralTheme,old person, Éiban, Éiban
1435,nbar,analysisPluralTheme,"old bachelor, spinster",nbar,nbur
1436,bnankiw,analysisPluralTheme,viper,bnankiw,bninka
1437,udmaw,analysisPluralTheme,face,udmaw,udm
1438,nrzaf,analysisPluralTheme,visitor,nrzaf,nrzif
1440, Å ∑nbar,analysisPluralTheme,veil, Å ∑nbar, Ånbur
1441,!add íar,analysisPluralTheme,neighbor,!add íar,!add íar
1444,ajlal,analysisPluralTheme,"volatile, bird",ajlal,ajlal
1445,mœáœáar,analysisPluralTheme,thief,mœáœáar,mœáœáar
1446,makr,analysisPluralTheme,thief,makr,mikr
1447,makar,analysisPluralTheme,thief,makar,makar
1448,! Éffar,analysisPluralTheme,"thief, swindler",! Éffar,! Éffar
1450,nmudda,analysisPluralTheme,traveler,nmudda,nmaddu
1452, Å ∑rit,analysisPluralTheme,dinghy, Å ∑rit, Å ∑ri
1453,ama,analysisPluralTheme,water,ama,
1454,damm,analysisPluralTheme,blood,damm,
1455,ltma,analysisPluralTheme,saliva,ltma,
1456,mkil,analysisPluralTheme,plate,mkil,mkil
1457,!fdniw,analysisPluralTheme,water boiler,!fdniw,!fdna
1458,ada,analysisPluralTheme,"intestines, viscera",ada,
1459, Éi É,analysisPluralTheme,esparto cup, Éi É, Éi É
1460,ƒßk ∑ak,analysisPluralTheme,pancake,ƒßk ∑ak,ƒßkuk
1461,bri,analysisPluralTheme,buckwheat semolina,bri,
1465,urkim,analysisPluralTheme,mix of roasted and boiled grains,urkim,
1466,drna,analysisPluralTheme,donuts,drna,
1467,tifjji,analysisPluralTheme,meat,tifjji,
1468,argan,analysisPluralTheme,"argan (tree, oil)",argan,argan
1469,ur,analysisPluralTheme,lung,ur,ur
1470,i Åal,analysisPluralTheme,arm,i Åal,i Åil
1471,!inutfiw,analysisPluralTheme,water cistern,!inutfiw,!nutfi
1473,wrma,analysisPluralTheme,winnowing residues,wrma,
1474,!drf(a),analysisPluralTheme,furrow,!drf(a),!drf
1475,!dwwar,analysisPluralTheme,hamlet,!dwwar,!dwwar
1477,!zlmad,analysisPluralTheme,left,!zlmad,!zlmad
1478,!azzaj,analysisPluralTheme,"fine, penalty",!azzaj,
1479,!bifandi,analysisPluralTheme,forbidden thing,!bifandi,!bifandi
1481,!daribat,analysisPluralTheme,tax,!daribat,!dariba
1484,!ddjaf,analysisPluralTheme,guest,!ddjaf,!addif
1487,!garruwat,analysisPluralTheme,cigarettes,!garruwat,!garru
1489,!ndalab,analysisPluralTheme,beggars,!ndalab,!ndalab
1492,!lasqat,analysisPluralTheme,leftovers of a sacrificial animal,!lasqat,
1494,!laœábar,analysisPluralTheme,news,!laœábar,
1498,!lblajs,analysisPluralTheme,place,!lblajs,!lblas
1500,!lbzdam,analysisPluralTheme,purse,!lbzdam,!lbzdam
1503,!lgara í(at),analysisPluralTheme,garage,!lgara í(at),!lgara í
1507,!lizarat,analysisPluralTheme,sheet,!lizarat,!lizar
1508,!lkaskrut(at),analysisPluralTheme,snack,!lkaskrut(at),!lkaskrut
1509,!lkwa Åd,analysisPluralTheme,marriage certificate,!lkwa Åd,!lki Åd
1510,!lkrrusat,analysisPluralTheme,cart,!lkrrusat,!lkrrusa
1511,!lksajd,analysisPluralTheme,accident,!lksajd,!lksida
1514,!lmarkat,analysisPluralTheme,brand,!lmarkat,!lmarka
1516,!lmn(at/ti)ƒß,analysisPluralTheme,dunce,!lmn(at/ti)ƒß,!lmntiƒß
1518,!lmr(a) íl,analysisPluralTheme,bucket,!lmr(a) íl,!lmr íl
1519,!lms(a)œá(i/u)t,analysisPluralTheme,who obtains wrath of parents,!lms(a)œá(i/u)t,!lmsœáut
1520,!lmsajb,analysisPluralTheme,disaster,!lmsajb,!lmusiba
1521,!lmz Åub(i),analysisPluralTheme,unthankful,!lmz Åub(i),!lmz Åub
1523,!lqud(at/ij),analysisPluralTheme,judge,!lqud(at/ij),!lqadi
1524,!lqadijat,analysisPluralTheme,affair,!lqadijat,!lqadija
1525,!lqsajr,analysisPluralTheme,a party,!lqsajr,!lqsar
1526,!l Åira,analysisPluralTheme,cave,!l Åira,!l Åar
1527,!l Åarajd,analysisPluralTheme,"business, purpose",!l Åarajd,!l Åarad
1528,!lutar(at),analysisPluralTheme,lute,!lutar(at),!lutar
1529,! í íutijat,analysisPluralTheme,frippery,! í íutijat,!l íutij
1531,!l ïbrat,analysisPluralTheme,measure of seeds,!l ïbrat,!l ïbr
1534,!l ïrugat,analysisPluralTheme,sweat,!l ïrugat,!l ïrg
1535,!lœáwatr,analysisPluralTheme,mind,!lœáwatr,!lœáatr
1536,!lœánudat,analysisPluralTheme,testicle,!lœánudat,
1537,!lœátijat,analysisPluralTheme,penalty,!lœátijat,!lœátij
1538,!lkb(a)b(u)t,analysisPluralTheme,coat,!lkb(a)b(u)t,!lkbbut
1542,!lansus,analysisPluralTheme,half,!lansus,!nss
1546,!rrami,analysisPluralTheme,male person,!rrami,!rrami
1551,!rrmman,analysisPluralTheme,pomegranate,!rrmman,!rrmman
1552,!rrubu ï,analysisPluralTheme,quarter,!rrubu ï,!rrubu ï
1554,!larwaƒß,analysisPluralTheme,soul,!larwaƒß,!rruƒß
1555,!larzaq,analysisPluralTheme,livelihood,!larzaq,!rrzq
1557,!sbaƒß,analysisPluralTheme,morning,!sbaƒß,!sbaƒß
1558,!suldi,analysisPluralTheme,nothing,!suldi,!suldi
1559,!ssabi,analysisPluralTheme,"boy, girl",!ssabi,!ssabi
1560,!ssadaqat,analysisPluralTheme,charity,!ssadaqat,!ssadaqa
1561,! É Éwafr,analysisPluralTheme,driver,! É Éwafr,! É Éafur
1562,!ssb(a)b(a)t,analysisPluralTheme,shoes,!ssb(a)b(a)t,!ssbbat
1563,!ssgitat,analysisPluralTheme,meat carcass,!ssgitat,!ssgit
1565,! É Éjatn,analysisPluralTheme,Satan,! É Éjatn,! É Éitan
1566,!sskkar,analysisPluralTheme,sugar,!sskkar,!sskkar
1567,!sslatn,analysisPluralTheme,Sultan,!sslatn,!ssltan
1568,!ssnadq,analysisPluralTheme,a wooden box,!ssnadq,!ssnduq
1571,! É Érud,analysisPluralTheme,condition (an if statement),! É Érud,! É Érd
1573,!lasswq,analysisPluralTheme,market,!lasswq,!ssuq
1575,!mubil,analysisPluralTheme,a car,!mubil,!mubil
1576,!rrbi ï,analysisPluralTheme,box,!rrbi ï,!rrbi ï
1577,dur,analysisPluralTheme,offals,dur,
1578,umz,analysisPluralTheme,barley,umz,
1579,!rb ïij,analysisPluralTheme,measure,!rb ïij,!rb ïij
1581,!ttlba,analysisPluralTheme,master,!ttlba,!ttalb
1582,!ttwa í(in),analysisPluralTheme,tajine,!ttwa í(in),!tta íin
1583,!tbali,analysisPluralTheme,tray,!tbali,!tbla
1584,!tijarat,analysisPluralTheme,airplanes,!tijarat,!tijara
1585,!ttjur,analysisPluralTheme,a bird,!ttjur,!ttir
1592,!zzizwar(at),analysisPluralTheme,shaver,!zzizwar(at),!zzizwar
1593,!iz ïd(a)d,analysisPluralTheme,monkey,!iz ïd(a)d,!z ïdud
1594,!qqndar,analysisPluralTheme,quintal,!qqndar,!qqndar
1595,!tbs(a/i)l,analysisPluralTheme,dish,!tbs(a/i)l,!tbsil
1596,!zalim,analysisPluralTheme,onion,!zalim,!zalim
1597,brran(i),analysisPluralTheme,foreigner,brran(i),brrani
1598,br íwazi(j),analysisPluralTheme,Bourgeois,br íwazi(j),br íwazi
1599,adis,analysisPluralTheme,stomach,adis,adis
1600,fasi(j),analysisPluralTheme,from Fes,fasi(j),fasi
1602,aggag,analysisPluralTheme,thunder,aggag,
1605,ƒßttab,analysisPluralTheme,woodcutter,ƒßttab,ƒßttab
1606,ƒßwa É,analysisPluralTheme,festive round,ƒßwa É,ƒßwa É
1607,ajtma,analysisPluralTheme,"brother, sister",ajtma,g ∑ma
1608,mrrak Éi(j),analysisPluralTheme,Marrakchi,mrrak Éi(j),mrrak Éi
1609,mtt Éut,analysisPluralTheme,food,mtt Éut,mtt Éu
1611,n Éajwi(j),analysisPluralTheme,canabis smoker,n Éajwi(j),n Éajwi
1612,aqqd,analysisPluralTheme,embers,aqqd,
1613, Åanim,analysisPluralTheme,reed, Åanim, Åanim
1614, Éfna í,analysisPluralTheme,"beignet maker, seller", Éfna í, Éfna í
1615, Éfna íi(j),analysisPluralTheme,Manufacturer of beignet, Éfna íi(j), Éfna íi
1617,s ïdi(j),analysisPluralTheme,lucky person,s ïdi(j),s ïdi
1618,wttut,analysisPluralTheme,plot,wttut,wttu
1619,œámmas,analysisPluralTheme,sharecropper,œámmas,œámmas
1620,œárraz,analysisPluralTheme,shoemaker,œárraz,œárraz
1621,baba,analysisPluralTheme,father,baba,baba
1622,bba,analysisPluralTheme,father,bba,bba
1624,bnadmat,analysisPluralTheme,human being,bnadmat,bnadm
1625,bulhmum,analysisPluralTheme,"careworn person, worrier",bulhmum,bulhmum
1627,ddhubat,analysisPluralTheme,gold,ddhubat,ddhb
1628,ddibbujat,analysisPluralTheme,depot,ddibbujat,ddibbu
1631,ddnub,analysisPluralTheme,a sin,ddnub,ddnb
1632,ddrari,analysisPluralTheme,"child, children",ddrari,ddri
1633,ddr(a/i)w É,analysisPluralTheme,gentle or poor person,ddr(a/i)w É,ddriw É
1637,ladwija,analysisPluralTheme,medication,ladwija,ddwa
1638,frankat,analysisPluralTheme,Franc,frankat,frank
1641,drbal,analysisPluralTheme, used clothings,drbal,drbal
1643,gdmiw,analysisPluralTheme,guests,gdmiw,gdmi
1644,isti,analysisPluralTheme,"daughter, son",isti,iwi
1645,malass,analysisPluralTheme,week,malass,malass
1646,mass,analysisPluralTheme,plowshares,mass,
1649,rd,analysisPluralTheme,wheat,rd,
1650, Ékkam,analysisPluralTheme,informer, Ékkam, Ékkam
1651,bri,analysisPluralTheme,couscous,bri,
1652,kilu,analysisPluralTheme,kilogram,kilu,kilu
1653,lmakant,analysisPluralTheme,place,lmakant,lmakan
1655,laƒßkam,analysisPluralTheme,judgements,laƒßkam,lƒßkam
1657,laminat,analysisPluralTheme,representative of craftsmen,laminat,lamin
1658,lantritat,analysisPluralTheme,retirement,lantritat,lantrit
1659,lawamir,analysisPluralTheme,order,lawamir,lamr
1660,lawlij(a),analysisPluralTheme,saints,lawlij(a),lwali
1661,lbiba(n),analysisPluralTheme,door,lbiba(n),lbab
1662,lbakijat,analysisPluralTheme,packet,lbakijat,lbaki
1664,lba Éawat,analysisPluralTheme,"Pacha, government employee, regional",lba Éawat,lba Éa
1665,lbb ∑ant,analysisPluralTheme,butts,lbb ∑ant,lbbun
1666,lbhajim,analysisPluralTheme,beast,lbhajim,lbhim
1667,lbƒßur,analysisPluralTheme,sea,lbƒßur,lbƒßr
1668,lbirujat,analysisPluralTheme,headquarters of the authorities,lbirujat,lbiru
1669,lbjut,analysisPluralTheme,room,lbjut,lbit
1672,lbunjat,analysisPluralTheme,fist,lbunjat,lbunja
1673,bu íadi(j),analysisPluralTheme,"provincial person, naive",bu íadi(j),bu íadi
1677,lfqqha,analysisPluralTheme,master,lfqqha,lfqqih
1678,lafraƒß,analysisPluralTheme,festivity,lafraƒß,lfrƒß
1680,lgnbrijat,analysisPluralTheme,sort of traditional lute,lgnbrijat,lgnbri
1681,lgrga ï,analysisPluralTheme,nut,lgrga ï,lgrga ï
1682,lgr(u) É,analysisPluralTheme,old silver coin; currency/jewel,lgr(u) É,lgr É
1683,laƒßwal,analysisPluralTheme,"time, state",laƒßwal,lƒßal
1685,lƒßaqajq,analysisPluralTheme,truth,lƒßaqajq,lƒßaqiqa
1686,laƒßquq,analysisPluralTheme,law,laƒßquq,lƒßaqq
1687,lƒß í í(a í),analysisPluralTheme,pilgrim,lƒß í í(a í),lƒßa í í
1689,lƒßbusat,analysisPluralTheme,jail,lƒßbusat,lƒßbs
1690,lhdijat,analysisPluralTheme,gifts,lhdijat,lhdij
1691,lƒßilat,analysisPluralTheme,"cunningness, cleverness",lƒßilat,lƒßil
1692,lhwaj É,analysisPluralTheme,beast,lhwaj É,lhi É
1695,lƒßkmat,analysisPluralTheme,wisdom,lƒßkmat,lƒßkma
1696,lƒßlaqi,analysisPluralTheme,round theater,lƒßlaqi,lƒßlqa
1697,lƒßlalf,analysisPluralTheme,bear,lƒßlalf,lƒßlluf
1699,lƒßmmam(at),analysisPluralTheme,bath,lƒßmmam(at),lƒßmmam
1702,lhrawat,analysisPluralTheme,bludgeon,lhrawat,lhrawa
1703,laƒßruf,analysisPluralTheme,letter,laƒßruf,lƒßrf
1704,lahrja,analysisPluralTheme,shop,lahrja,lhri
1705,lƒßrakat,analysisPluralTheme,movement,lƒßrakat,lƒßrkt
1706,lƒßwaj í,analysisPluralTheme,clothes,lƒßwaj í,lƒßa í
1710,lkurama,analysisPluralTheme,generous person,lkurama,lkarim
1711,lkisa(n),analysisPluralTheme,cup,lkisa(n),lkas
1712,lkrars,analysisPluralTheme,carts,lkrars,!lkrrusa
1713,!llkrrusat,analysisPluralTheme,carts,!llkrrusat,!llkrrusa
1715,lksut,analysisPluralTheme,cloth,lksut,lksut
1716,lktatn,analysisPluralTheme,tissue,lktatn,lkttan
1717,lk ∑ras(a/ij),analysisPluralTheme,chair,lk ∑ras(a/ij),lk ∑rsi
1719,llit Éin,analysisPluralTheme,orange,llit Éin,llit Éin
1720,lkumisir(at),analysisPluralTheme,police commissioner,lkumisir(at),lkumisir
1721,lm íurra,analysisPluralTheme,drawer,lm íurra,lm írr
1722,lqhawi,analysisPluralTheme,coffee,lqhawi,lqhwa
1725,lmaƒßal(at),analysisPluralTheme,location,lmaƒßal(at),lmaƒßal
1727,lmalajka,analysisPluralTheme,angels,lmalajka,
1729,lmasajl,analysisPluralTheme,problem,lmasajl,lmasala
1731,lmdun,analysisPluralTheme,city,lmdun,lmdin
1734,lmlakat,analysisPluralTheme,real estate,lmlakat,
1736,lmllaƒßat,analysisPluralTheme,l-mllaƒß,lmllaƒßat,lmllaƒß
1737,lmnajn,analysisPluralTheme,millions,lmnajn,mljun
1738,lmqddmi,analysisPluralTheme,chief,lmqddmi,lmqddm
1739,lmqqtt ïi,analysisPluralTheme,miserable person,lmqqtt ïi,lmqqtt ï
1740,lmsakn,analysisPluralTheme,poor person,lmsakn,lmskin
1741,lm Éma É,analysisPluralTheme,apricot,lm Éma É,lm Éma É
1743,lmuddni,analysisPluralTheme,muezzin,lmuddni,lmuddn
1745,lmufallis(i),analysisPluralTheme,loser,lmufallis(i),lmufallis
1746,lmuƒßsin(i),analysisPluralTheme,beneficents,lmuƒßsin(i),lmuƒßsin
1749,lmwass,analysisPluralTheme,knife,lmwass,lmuss
1750,lm írtli,analysisPluralTheme,vagabond,lm írtli,lm írtl
1751,lm ïlm(i),analysisPluralTheme,professional person,lm ïlm(i),lm ïlm
1753,lmœáaznija,analysisPluralTheme,guardians of peace,lmœáaznija,
1756,qhwi(j),analysisPluralTheme,coffee,qhwi(j),qhwi
1757, Éibi(j),analysisPluralTheme,blue sky, Éibi(j), Éibi
1758,smawi(j),analysisPluralTheme,blue sky,smawi(j),smawi
1760,lqn(a)dil,analysisPluralTheme,torch,lqn(a)dil,lqndil
1761,lqujad,analysisPluralTheme,mayor,lqujad,lqajd
1762,qhwa íi(j),analysisPluralTheme,cafe owner,qhwa íi(j),qhwa íi
1764,lqsabi,analysisPluralTheme,casbah,lqsabi,lqsb
1765,laqsur,analysisPluralTheme,palace,laqsur,lqsr
1766,l Åabat,analysisPluralTheme,a forest,l Åabat,l Åaba
1771,luqid,analysisPluralTheme,matches,luqid,luqid
1772,lawqat,analysisPluralTheme,time,lawqat,luq
1774,luzinat,analysisPluralTheme,factories,luzinat,luzin
1775,luzara,analysisPluralTheme,minister,luzara,luzir
1776,lwalidaj,analysisPluralTheme,parents,lwalidaj,lwalid
1779,l íwajh,analysisPluralTheme,region,l íwajh,l íiht
1782,l íwad,analysisPluralTheme,generous persons,l íwad,
1783,la ïadad,analysisPluralTheme,number,la ïadad,l ïadad
1785,l ïuqul,analysisPluralTheme,brain,l ïuqul,l ïaql
1787,l ïa íajb,analysisPluralTheme,oddities,l ïa íajb,l ïa íab
1788,l ïdul,analysisPluralTheme,notary,l ïdul,l ïadl
1789,l ïafarit,analysisPluralTheme,devil,l ïafarit,l ïfrit
1790,la ïjub,analysisPluralTheme,default,la ïjub,l ïib
1791,l ïibadat,analysisPluralTheme,worship,l ïibadat,l ïibada
1792,la ïjad,analysisPluralTheme,holiday,la ïjad,l ïid
1796,lœá(w)atm,analysisPluralTheme,ring,lœá(w)atm,lœáatm
1797,lœáwatr,analysisPluralTheme,mind,lœáwatr,lœáatr
1799,lœálawat,analysisPluralTheme,outside,lœálawat,lœála
1800,lœáalajq,analysisPluralTheme,creature,lœáalajq,lœálq
1801,lœána Éi,analysisPluralTheme,sack,lœána Éi,lœán Ét
1803,lœáumusat,analysisPluralTheme,a fifth,lœáumusat,lœáumus
1804,lœáuœá,analysisPluralTheme,peach fruit,lœáuœá,lœáuœá
1806,midd,analysisPluralTheme,people,midd,
1808,lanbija,analysisPluralTheme,prophet,lanbija,nnbi
1812,nnmari,analysisPluralTheme,number,nnmari,nnmra
1815,nn ïmat,analysisPluralTheme,graces,nn ïmat,nn ïmt
1817,rrjadat,analysisPluralTheme,big house,rrjadat,rrjad
1818,rrwajn,analysisPluralTheme,disorder,rrwajn,rrwina
1821,sidi,analysisPluralTheme,"lord, saint",sidi,sidi
1823,ssadat,analysisPluralTheme,"saints, marabout",ssadat,ssijid
1826,ssbasa,analysisPluralTheme,pipe,ssbasa,ssbsi
1827, É Éfn í,analysisPluralTheme,beignet, É Éfn í, É Éfn í
1828, É Éhur,analysisPluralTheme,month, É Éhur, É Éhr
1829,lasbab,analysisPluralTheme,reason,lasbab,ssibab
1837, É Équfa,analysisPluralTheme,pipe, É Équfa, É Éqf
1843,ssrawl,analysisPluralTheme,slacks,ssrawl,ssrwal
1844,! É Éwant,analysisPluralTheme,roads,! É Éwant,! É Éanti
1846,brat,analysisPluralTheme,letter,brat,brat
1851,ku í íar,analysisPluralTheme,without arm,ku í íar,ku í íar
1852,lluz,analysisPluralTheme,almond,lluz,lluz
1853,llwiz,analysisPluralTheme,gold pieces,llwiz,llwiz
1854,qbil,analysisPluralTheme,tribe,qbil,qbil
1855,qqsraj,analysisPluralTheme,large deep dish,qqsraj,qqsri
1856,arig,analysisPluralTheme,saddle,arig,arig
1858, Éddad,analysisPluralTheme,headband, Éddad, Éddad
1860, É Ém ï,analysisPluralTheme,candle, É Ém ï, É Ém ï
1861,!ssnnar,analysisPluralTheme,hook,!ssnnar,!ssnnar
1862,ttffaƒß,analysisPluralTheme,apple,ttffaƒß,ttffaƒß
1864,wriq,analysisPluralTheme,paper,wriq,wriq
1871,mzgadiw,analysisPluralTheme,mosque,mzgadiw,mzgida
1872,zzbub,analysisPluralTheme,fruit,zzbub,zbibi
1875,tsmijat,analysisPluralTheme,name,tsmijat,tsmi
1878,taksijat,analysisPluralTheme,taxi,taksijat,taksi
1880,ttawariœá,analysisPluralTheme,date,ttawariœá,ttariœá
1882,ttu í íar,analysisPluralTheme,trader,ttu í íar,tta ír
1886,usma,analysisPluralTheme,lightning,usma,
1887,zznnaq,analysisPluralTheme,street,zznnaq,zznniq
1888,bariq,analysisPluralTheme,slap,bariq,bariq
1890, ïisawi(j),analysisPluralTheme,"religious brotherhood, which called A√Øssaoua ", ïisawi(j), ïisawi
1891,zzjuf,analysisPluralTheme,a scarf,zzjuf,zzif
1894,zzitun,analysisPluralTheme,olive tree,zzitun,zzitun
1896,zzradi,analysisPluralTheme,Feast,zzradi,zzrda
1898, íbbanij,analysisPluralTheme,a bowl, íbbanij, íbbani
1900,l ïima,analysisPluralTheme,two years,l ïima,l ïam
1901, ïmmi,analysisPluralTheme,uncle or aunt paternal, ïmmi, ïmmi
1902,œáali,analysisPluralTheme,"uncle and aunt, mother's side",œáali,œáali
1903,!skarraj,analysisPluralTheme,buzzer fish,!skarraj,!skarraj
1904,zllmzat,analysisPluralTheme,croaker,zllmzat,zllmza
1905,bijsni,analysisPluralTheme,sea ‚Äã‚Äãbream,bijsni,bijsni
1906,bu Éawk,analysisPluralTheme,seabass,bu Éawk,bu Éawk
1907,wlaƒß,analysisPluralTheme,leerfish,wlaƒß,wlaƒß
1908,sargal,analysisPluralTheme,bluefish,sargal,sargal
1909,zgg ∑a Å,analysisPluralTheme,rooster fish,zgg ∑a Å,zgg ∑a Å
1910,sliœá,analysisPluralTheme,sole,sliœá,sliœá
1911,mrmd,analysisPluralTheme,squid,mrmd,mrmd
1912, ïli!j í ían,analysisPluralTheme,ballista, ïli!j í ían, ïli!j í ían
1913,ssgna,analysisPluralTheme,Orphie,ssgna,ssgni
1914,knjaw,analysisPluralTheme,variety of seabream,knjaw,knjaw
